id	title	bestandsnaam	fictionality	genre	genre	subgenre	subgenre	subgenre	subgenre	author	opmerking
INT_df594d21-2d1e-47e6-905a-7ed0be75fe64	AB recht ende averecht	ab_recht_ende_averecht	non-fiction	verse	secular	 	Philosophy / ethics	 	 	unknown	 
INT_ce2d5b07-1833-4953-881b-4a92f73f610d	Aiol (2) (Vlaamse Aiol)	aiol	fiction	Verse	secular	epic	Chivalric romance	 	 	unknown	 
INT_a520d29d-6ae5-4c2a-91b9-05c1a62e31a0	Alexanders geesten	alexanders_geesten	fiction	Verse	secular	epic	 	 	 	Jacob van Maerlant	 
INT_e7de428c-3c2b-4961-af37-253c1d036cac	Anatomie van de mens	anatomie_van_de_mens	non-fiction	Verse	secular	artes	science	physionomy	 	unknown	 
INT_981457f3-b46e-48ad-b44d-ed6cab4a6e46	Antwerps liedboek	antwerps_liedboek	fiction	Verse	secular	stanzaic	song	 	 	not applicable	 
INT_76ec5f39-8c20-4a33-93d2-6e9c0ff64185	Arturs doet	arturs_doet	fiction	Verse	secular	epic	Chivalric romance	 	 	unknown	 
INT_120d10cd-49e8-447f-9e78-7186ea3cfb06	Aubri de Borgengoen	aubri_de_borgengoen	fiction	Verse	secular	epic	Chivalric romance	 	 	unknown	 
INT_07457f84-eccb-4062-813e-099667c1885a	Baghynken van Parys	baghynken_van_parys	fiction	Verse	religious	stanzaic	legend	chapbook	 	unknown	 
INT_8f5f4818-1477-4d22-b1dd-0813f213d4cd	Barlaam en Josaphat, fragment Gent	barlaam_en_josaphat_fragm_ge	fiction	Verse	religious	 	legend	 	 	unknown	 
INT_8ce3c021-108e-400f-8b79-5f5ae1462af3	Barlaam en Josaphat, fragment Göttingen	barlaam_en_josaphat_fragm_go	fiction	Verse	religious	 	legend	 	 	unknown	 
INT_652596d6-0ffb-42d9-9931-82b4e641dd22	Beatrijs	beatrijs	fiction	Verse	religious	 	legend	 	 	unknown	 
INT_de6b4926-4691-4440-a464-bc7d0fd5ebdb	Bediedenisse van der missen	bediedenisse_van_der_missen	non-fiction	Verse	religious	 	Theology / ethics	 	 	unknown	 
INT_6b278d13-8f83-4e20-924d-6eab1ed0b4d4	Beerte metten breden voeten	beerte_metten_breden_voeten	fiction	Verse	secular	epic	Chivalric romance	 	 	unknown	 
INT_d8934e68-c979-4bd2-a67c-354ee6bbfe57	Beginsel der oorlogen van Luyck	beginsel_der_oorlogen_van_luyck	non-fiction	Verse	secular	 	history	 	 	unknown	 
INT_2af8437b-1883-464b-808c-5446e5e31386	Commentaar op het Hooglied (berijmd)	berijmd_commentaar_op_het_hooglied_fragm_w	non-fiction	Verse	religious	 	Theology / ethics	 	 	unknown	 
INT_27726b61-b588-493c-bd21-c1cfe8341d7f	Berlijnse liederenhandschrift	berlijnse_liederenhandschrift	fiction	Verse	secular	stanzaic	song	 	 	not applicable	 
INT_d7790fa5-6d65-492a-887b-8ca24f29344a	Bijbelvertaling van 1360, Oude Testament, Zuidnederlandse Historiebijbel, Eerste Historiebijbel	bijbelvertaling_van_1360	non-fiction	prose	religious	Biblical texts	 	 	 	Bijbelvertaler van 1360	 
INT_729b1b49-b3fc-4e81-8ace-c70d15b1a22a	Blome der doechden	blome_der_doechden	non-fiction	prose	secular	 	Philosophy / ethics	 	 	Dirc Potter	 
INT_4aa65f3a-63db-4636-86e6-3566cae33f30	Boec Exemplaer	boec_exemplaer	non-fiction	Verse	secular	 	Philosophy / ethics	 	 	unknown	 
INT_36cdbd33-6083-4872-a2d8-b597408bbe61	Boec van den houte (prozaversie)	boec_van_den_houte_proza	non-fiction	Prose	religious	 	legend	 	 	unknown	 
INT_2a15e3ff-3d6e-4f25-9577-fad88a98bfcf	Boec van den houte (berijmde versie)	boec_van_den_houte_rijm	fiction	Verse	religious	 	legend	 	 	unknown	 
INT_e2f16391-7739-4cce-a233-3236072f4fb9	Boeck van surgien	boeck_van_surgien_hs_dh	non-fiction	Prose	secular	artes	medicine	 	 	Thomas Scellinc	 
INT_be8b4ee4-e295-423f-9bd8-eadc2e3e832a	Boecksken der verclaringhe	boecksken_der_verclaringhe	non-fiction	Prose	religious	 	Theology / ethics	 	 	Jan van Ruusbroec	 
INT_c31cbc59-9125-45f7-a71f-a4425ecd56c3	Borchgrave van Couchi	borchgrave_van_couchi	fiction	Verse	secular	epic	Chivalric romance	 	 	unknown	 
INT_168dfa31-f88b-41de-8d9f-fb2659038bc5	Borchgrave van Couchi, fragment Arras	borchgrave_van_couchi_fragm_a	fiction	Verse	secular	epic	Chivalric romance	 	 	unknown	 
INT_751d3276-dadf-4ec6-9840-4fe15de3ac5b	Borchgrave van Couchi, fragment Brussel	borchgrave_van_couchi_fragm_br	fiction	Verse	secular	epic	Chivalric romance	 	 	unknown	 
INT_ed8df0c7-36c1-427c-93d9-3a762863ce4b	Borchgrave van Couchi, fragmenten De Pauw	borchgrave_van_couchi_fragm_dp	fiction	Verse	secular	epic	Chivalric romance	 	 	unknown	 
INT_9e311f12-81c0-43af-8683-7f41f668b785	Borchgravinne van Vergi (1)	borchgravinne_van_vergi__1	fiction	Verse	secular	epic	Chivalric romance	 	 	unknown	 
INT_ba4e83c3-f92c-4fe6-bd87-7be0240ecdae	Borchgravinne van Vergi (2)	borchgravinne_van_vergi__2	fiction	Verse	secular	epic	Chivalric romance	 	 	unknown	 
INT_f4f77d90-faea-4c41-a4fa-c0cb58be773d	Boudewijn van Seborch, fragment Amsterdam	boudewijn_van_seborch_fragm_a	fiction	Verse	secular	epic	Chivalric romance	 	 	unknown	 
INT_b1883f85-18f0-48dd-a920-a95c58e23d50	Boudewijn van Seborch, fragment München	boudewijn_van_seborch_fragm_m	fiction	verse	secular	epic	Chivalric romance	 	 	unknown	 
INT_308a2491-c67b-40bd-8142-2954c63d2bf1	Brabantsche yeesten (boek 1-5)	brabantsche_yeesten__1-5	non-fiction	verse	secular	 	history	 	 	Jan van Boendale	 
INT_2464880c-e883-44a5-9667-e882fc260c01	Brabantsche yeesten (boek 6)	brabantsche_yeesten__6	non-fiction	Verse	secular	 	history	 	 	unknown	 
INT_3599450d-ff29-4aa0-a0ca-15a6b56cd46d	Brabantsche yeesten (boek 7)	brabantsche_yeesten__7	non-fiction	verse	secular	 	history	 	 	unknown	 
INT_e6765d2a-e35c-49bb-a7b4-cbbaf78b0617	Brieven	brieven	non-fiction	Prose	religious	 	Theology / ethics	 	 	Hadewijch	 
INT_e223e0c0-a2cb-47f9-9692-7625da53cad4	Buskenblazer	buskenblazer	fiction	verse	secular	drama	 	 	 	unknown	 
INT_247f363e-e314-483f-9146-c0c8b6d11982	Cancellierboeck	cancellierboeck	non-fiction	Prose	religious	 	Theology / ethics	 	 	unknown	 
INT_4bcda3fc-ba11-4c1b-8050-8f36c0a3ac1b	Chanson d'Aspremont	chanson_d_aspremont	fiction	Verse	secular	epic	Chivalric romance	 	 	unknown	 
INT_66899df0-15a4-40e3-9875-993c850b99a0	Chiromantie (proza)	chiromantie	non-fiction	Prose	secular	artes	Science	chiromancy	 	unknown	 
INT_ce69c331-1b00-487c-a4c0-72f0dd91e0d9	Circa instans	circa_instans	non-fiction	Prose	secular	artes	medicine	 	 	Platearius	 
INT_98a709b3-9f41-4024-bc58-4aae4cacb217	Clausule vander bible	clausule_vander_bible	non-fiction	Verse	religious	stanzaic	Theology / ethics	 	 	Jacob van Maerlant	 
INT_e2737bb8-df24-4d13-bf11-f4159482963d	Collectief lunarium (proza)	collectief_lunarium	non-fiction	Prose	secular	artes	Science	Astronomy / astrology	 	unknown	 
INT_08a478f9-e307-4449-8578-fcd8a1198a42	Collectief lunarium I (berijmd)	collectief_lunarium_i	non-fiction	Verse	secular	artes	science	Astronomy / astrology	 	unknown	 
INT_3ddc9029-9376-4eef-ba01-c43e01d30530	Cracht der mane I	collectief_lunarium_ii	non-fiction	Verse	secular	artes	science	Astronomy / astrology	 	unknown	 
INT_fb163107-2deb-4f16-9631-c829928c6321	Collectief lunarium III (berijmd)	collectief_lunarium_iii	non-fiction	Verse	secular	artes	science	Astronomy / astrology	 	unknown	 
INT_fddf7c51-8d43-4e88-8d3b-4c55dffaef05	Cyromanchie van den pape van den Hamme	cyromanchie_van_den_pape_van_den_hamme_chiromantie	non-fiction	Verse	secular	artes	science	chiromancy	 	unknown	 
INT_79c9f5f8-4de6-4e57-a160-5ff8f7bd303f	Cyrurgie	cyrurgie_hs_br	non-fiction	Prose	secular	artes	medicine	 	 	Jan Yperman	 
INT_54a6990b-2a6f-44af-a22f-272a60d5bec2	Boec vander wraken	dat_boec_vander_wraken	non-fiction	Verse	secular	 	Philosophy / ethics	 	 	Jan van Boendale	 
INT_04c9a820-c616-4ca4-913f-56aadaa7414d	De imitatione Christi	de_imitatione_christi	non-fiction	Prose	religious	 	Theology / ethics	 	 	Thomas a Kempis	 
INT_fbd8e8a8-87f5-4fce-bde1-645a9ec5fc25	Verclaringhe vanden duytschen boeken (excerpten), hs Brussel	de_libris_teutonicalibus_hs_b	non-fiction	Prose	secular	 	Theology / ethics	 	 	Gerard Zerbolt van Zutphen	 
INT_4f309913-887f-430a-9078-821c0d7bee1b	Verclaringhe vanden duytschen boeken, hs Kassel	de_libris_teutonicalibus_hs_k	non-fiction	Prose	secular	 	Theology / ethics	 	 	Gerard Zerbolt van Zutphen	 
INT_df47f444-eace-46a1-be24-f8f6ef8a179c	Verclaringhe vanden duytschen boeken (excerpten), hs Leiden	de_libris_teutonicalibus_hs_l	non-fiction	Prose	secular	 	Theology / ethics	 	 	Gerard Zerbolt van Zutphen	 
INT_e458f12b-447d-4024-a769-457ae812fa0c	Spieghel der menscheliker behoudenesse	de_spieghel_der_menscheliker_behoudenesse	non-fiction	Verse	religious	 	 	 	 	unknown	 
INT_89e11df2-eedf-4c5a-b7af-1ea53c6cffec	Delftse bijbel van 1477, Bijbel van 1477, Oude Testament	delftse_bijbel	non-fiction	Prose	religious	Biblical texts	 	 	 	unknown	 
INT_e511316f-7fb4-4ed8-94b1-d9409243ab7e	Droefliken strijt van Roncevale	den_droefliken_strijt_van_roncevale	fiction	Prose+verse	secular	chapbook	Chivalric romance	 	 	unknown	 
INT_f6360c2f-9065-443f-9e54-47e6eaf589f1	Der kerken claghe	der_kerken_claghe	non-fiction	Verse	secular	stanzaic	 	 	 	Jacob van Maerlant	 
INT_590673c6-9807-4cae-945b-c64fbd445597	Der leken spieghel	der_leken_spieghel	non-fiction	Verse	secular	 	Philosophy / ethics	 	 	Jan van Boendale	 
INT_1771397e-6c5f-4340-b69b-27fde321e265	Der mannen ende vrouwen heimelijcheit	der_mannen_ende_vrouwen_heimelijcheit	non-fiction	Verse	secular	artes	medicine	 	 	unknown	 
INT_d5a7d90d-5451-4dea-bc82-603bed23d7a3	Der minnen loep	der_minnen_loep	non-fiction	Verse	secular	 	Philosophy / ethics	 	 	Dirc Potter	 
INT_ef0d64b3-cb2f-4af6-9ae3-c20b6ba0f96b	Der vrouwen heimelijcheit	der_vrouwen_heimelijcheit	non-fiction	Verse	secular	artes	medicine	 	 	unknown	 
INT_aac7808e-ccff-42df-9fa2-d3e8fed1f7a3	Der ystorien bloeme	der_ystorien_bloeme	non-fiction	Verse	religious	 	legend	 	 	unknown	 
INT_3e81f5b2-f5fe-4e9b-8937-96233437597c	Derde Martijn	derde_martijn	non-fiction	Verse	secular	stanzaic	Theology / ethics	 	 	Jacob van Maerlant	 
INT_44d81728-fe8f-45aa-a7f1-888e7adfd8e0	Des coninx summe	des_coninx_summe	non-fiction	prose	secular	 	Philosophy / ethics	 	 	Jan van Brederode	 
INT_f853d609-fb5b-45ef-9601-ef8a27ede1c1	Devoot ende profitelyck boecxken	devoot_ende_profitelyck_boecxken_h	fiction	Verse	secular	stanzaic	song	 	 	not applicable	 
INT_14f02a02-7bcd-43ea-a7ab-64898a232ecd	Dietsche Lucidarius	die_dietsche_lucidarius	non-fiction	Verse	religious	 	Theology / ethics	 	 	unknown	 
INT_615cc75c-450e-4626-8467-2caa43c70a47	Gheestelike brulocht	die_gheestelike_brulocht	non-fiction	Prose	religious	 	Theology / ethics	 	 	Jan van Ruusbroec	 
INT_a0c42759-1c3b-4b22-b101-08f3d664ed3e	Dietsche doctrinale	dietsche_doctrinale	non-fiction	Verse	secular	 	Philosophy / ethics	 	 	unknown	 
INT_b749ce3c-9a8f-44c9-9dd3-a41d8faa5f13	Wapene Rogier	dispitacie	non-fiction	Verse	secular	stanzaic	Philosophy / ethics	 	 	Jan de Weert	 
INT_23e28b8f-be33-4dd7-91d2-720048702342	Disputacie van onser Vrouwen ende van den Heilighen Cruce	disputacie_van_onser_vrouwen	non-fiction	Verse	religious	stanzaic	Theology / ethics	 	 	Jacob van Maerlant	 
INT_6e47aebb-5293-43e9-a2d6-f50eb7126b73	Drie daghe here	drie_daghe_here	fiction	Verse	secular	drama	 	 	 	unknown	 
INT_4fbd0cbe-3213-4bd4-a132-f07896106102	Dystorie van Saladine	dystorie_van_saladine_h	fiction	Verse	secular	epic	Chivalric romance	chapbook	 	unknown	 
INT_71bec354-6673-4375-b3fe-346d948e4c1f	Eerste Martijn	eerste_martijn	non-fiction	Verse	secular	stanzaic	Philosophy / ethics	 	 	Jacob van Maerlant	 
INT_3c460b0a-7e20-48c5-a364-356aedb3718e	Esmoreit	esmoreit	fiction	Verse	secular	drama	Chivalric romance	 	 	unknown	 
INT_c964e877-0c4d-4d70-a366-752219efa8de	Esopet	esopet	fiction	Verse	secular	 	 	 	 	Calfstaf + Noydekin (?)	 
INT_080a0318-39d9-405c-ba9d-1196787d7b1a	Euangelien vanden spinrocke	euangelien_vanden_spinrocke	non-fiction	Prose	secular	chapbook	artes	artifices	 	unknown	 
INT_9d87657d-f89f-48c6-83ea-832682798a88	Exempel van een soudaensdochter	exempel_van_een_soudaensdochter	fiction	Prose	religious	chapbook	legend	 	 	unknown	 
INT_30456d8d-af82-4728-a4f3-0c95efd40f56	Exordium magnum	exordium_magnum	fiction	Prose	religious	 	legend	 	 	unknown	Auteur vervangen
INT_bd73fecb-863f-4e6d-995c-0fade0e99bf3	Ferguut	ferguut	fiction	Verse	secular	epic	Chivalric romance	 	 	unknown	 
INT_44e4a3b9-0c7c-44f6-a3d5-2a3abe3d67b9	Fierabras	fierabras	fiction	verse	secular	epic	Chivalric romance	 	 	unknown	 
INT_4f795dc1-5054-4681-8f7b-34942b30ff8c	Flandrijs	flandrijs_fragm_s	fiction	Verse	secular	epic	Chivalric romance	 	 	unknown	 
INT_fa092193-34c2-4f49-8a08-f8f23e494c13	Flovent	floovent	fiction	Verse	secular	epic	Chivalric romance	 	 	unknown	 
INT_67bce578-e0b2-4645-8613-de267f7b08b9	Florent ende Durant	florent_ende_durant	fiction	Verse	secular	epic	Chivalric romance	 	 	unknown	 
INT_559313e8-20d4-41bc-9cfc-c9b2e1916e3a	Florigout, fragment Den Bosch	florigout_fragm_db	fiction	Verse	secular	epic	Chivalric romance	 	 	unknown	 
INT_8d193995-5058-4fa2-846e-c6e20a8d66ae	Florigout, fragment Leeuwarden	florigout_fragm_l	fiction	Verse	secular	epic	Chivalric romance	 	 	unknown	 
INT_04871db8-b4d6-465c-a74d-57665dfc0d4a	Floris ende Blancefloer	floris_ende_blancefloer	fiction	Verse	secular	epic	Chivalric romance	 	 	Diederic van Assenede	 
INT_348af1b1-09ca-4e4c-aa11-483771193521	Frenesie	frenesie	fiction	Verse	secular	 	 	 	 	unknown	 
INT_26675bc7-82e1-4dd9-a7a1-01f492377dbe	Fysionomie (proza)	fysionomie_proza	non-fiction	Prose	secular	artes	science	physionomy	 	unknown	 
INT_206dc3f7-940f-4e4c-8b68-af341846268f	Fysionomie (berijmd)	fysionomie_rijm	non-fiction	Verse	secular	artes	science	physionomy	 	unknown	 
INT_fd5ab20e-b4c7-47b6-9b75-5e9f26eb338c	Gebedenboek uit de kring van de Moderne Devotie	gebedenboek	non-fiction	Prose	religious	 	prayer	 	 	unknown	 
INT_8dd114c6-445f-4e5f-a487-be51dde7c05c	Gedicht over de hemeltekenen	gedicht_over_de_hemeltekenen	non-fiction	Verse	secular	artes	science	Astronomy / astrology	 	unknown	 
INT_60a08b65-4eb3-4d07-a0a0-bd2e053a1568	Gedichten (Willem van Hildegaersberch)	gedichten_hildegaersberch__hs_g	fiction	Verse	secular	 	 	 	 	Willem van Hildegaersberch	 
INT_f9513238-3286-4aec-9eac-c67cef448dc3	Geraert van Viane	geraert_van_viane	fiction	Verse	secular	epic	Chivalric romance	 	 	unknown	 
INT_bd4df184-4012-4a22-bc55-dd59e0846958	Getijdenboek van Geert Grote	getijdenboek_van_geert_grote	non-fiction	Prose	religious	 	prayer	 	 	Geert Grote	 
INT_f2340200-ec1b-4f6f-a29d-c46eed3becf2	Vanden gheesteliken tabernakel	gheesteliken_tabernakel	non-fiction	Prose	religious	 	Theology / ethics	 	 	Jan van Ruusbroec	 
INT_42c5d36e-7776-4606-b069-ac1481af179a	Gloriant	gloriant	fiction	Verse	secular	drama	 	 	 	unknown	 
INT_db3bb91e-a338-45c4-a67d-ed3d9b52d8fa	Sinte Jans ewangelium alsoe 't Augustijnken gheexponeert heeft	glose_op_het_sint-jansevangelie	non-fiction	Verse	religious	 	Theology / ethics	 	 	Augustijnken	 
INT_71784f37-40de-46b6-8ff9-8d2a82368eb0	Godevaert metten baerde	godevaert_metten_baerde	fiction	Verse	secular	epic	Chivalric romance	 	 	unknown	 
INT_2e9d18df-598a-4de7-b763-2b8b79bcc7d9	Godevaerts kintshede	godevaerts_kintshede	fiction	Verse	secular	epic	Chivalric romance	 	 	unknown	 
INT_85dce7ed-b5c2-4542-87ed-4f81ef9b3bd5	Grimbergse oorlog	grimbergse_oorlog	non-fiction	Verse	secular	 	history	 	 	unknown	 
INT_c2162d6e-d22d-4734-bcff-a0e6a794e5bc	Gruuthuse-handschrift (gebeden en allegorische gedichten)	gruuthuse-handschrift_gebeden	non-fiction	Verse	religious	 	prayer	 	 	not applicable	 
INT_9fc3e35e-6623-40ea-a25f-8e4ce970f02a	Gruuthuse-handschrift (allegorische gedichten)	gruuthuse-handschrift_gedichten	fiction	Verse	secular	 	 	 	 	not applicable	 
INT_4b8f5afd-65bb-4c50-b090-a45b28b5a713	Gruuthuse-handschrift (liederen)	gruuthuse-handschrift_liederen	fiction	Verse	secular	stanzaic	song	 	 	not applicable	 
INT_56ba2ee1-24d8-4a24-ab59-73da74c87dc4	Gwidekijn van Sassen	gwidekijn_van_sassen	fiction	Verse	secular	epic	Chivalric romance	 	 	unknown	 
INT_36da0c4c-c9d0-40c4-9be8-11c8a3a5b67b	Haagse liederenhandschrift	haagse_liederenhs	fiction	Verse	secular	stanzaic	song	 	 	not applicable	 
INT_30bb450a-3d52-4303-8699-263290afbecd	Hattem-01. 43 Kwade dagen / Esdras-prognose	hattem_01._43_kwade_dagen_slash_esdras-prognose	non-fiction	Prose	secular	artes	science	 	 	unknown	Titel aanpassen
INT_64777abb-cc18-47f8-99d4-c68c66bd8c45	Hattem-02. Prozavertaling 'Secreta Secretorum'	hattem_02._prozavertaling_secreta_secretorum_	non-fiction	Prose	secular	 	Philosophy / ethics	 	 	unknown	Titel aanpassen
INT_287c0d39-80d6-4462-9d27-6f927bde8c2c	Hattem-03. Diverse teksten, vnl. Latijn	hattem_03._diverse_teksten_vnl._latijn	non-fiction	Prose	secular	artes	science	physionomy	medicine	unknown	Titel aanpassen
INT_017b84b9-3fcd-431f-a67c-e284e60e60ab	Hattem-05. Wijnrecepten / Medisch handboek	hattem_05._wijnrecepten_slash_medisch_handboek	non-fiction	prose	secular	artes	medicine	 	 	unknown	Titel aanpassen
INT_f255933d-7d26-4a4e-a0eb-04f9c2cc98bd	Hattem-06. Alchemistische en technische recepten	hattem_06._alchemistische_en_technische_recepten	non-fiction	prose	secular	artes	alchemy	technic	 	unknown	Titel aanpassen
INT_2ae52ea9-f743-4f3a-8273-21ae218a0114	Hattem-07. Traktaat over edele metalen	hattem_07._traktaat_over_edele_metalen	non-fiction	prose	secular	artes	metallurgy	 	 	unknown	Titel aanpassen
INT_0e0f2055-2b06-41c6-8377-171ec29540da	Hattem-08. Kunstboek	hattem_08._kunstboek	non-fiction	prose	secular	artes	artifices	 	 	unknown	Titel aanpassen
INT_9f5efae4-8946-4d65-8925-042490bdca8f	Hattem-09. Flebotomie, laatste bladzijde Latijn	hattem_09._flebotomie_laatste_bladzijde_latijn	non-fiction	prose	secular	artes	medicine	 	 	unknown	Titel aanpassen
INT_5d4ce969-8987-403f-b6f6-870e2c234028	Hattem-10. Pesttraktaat / Zalfrecepten / Chirurgie	hattem_10._pesttraktaat_slash_zalfrecepten_slash_chirurgie	non-fiction	prose	secular	artes	medicine	 	 	unknown	Titel aanpassen
INT_2736af1b-9bde-45cd-a84e-dfd71fdf6093	Hattem-11. Chirurgische recepten / Ogentraktaat	hattem_11._chirurgische_recepten_slash_ogentraktaat	non-fiction	prose	secular	artes	medicine	 	 	unknown	Titel aanpassen
INT_59273dbb-271e-4138-b28e-80da603d27c3	Hattem-12. Alfabetische 'Herbarius'	hattem_12._alfabetische_herbarius_	non-fiction	Prose	secular	artes	medicine	 	 	unknown	Titel aanpassen
INT_e043d2ea-602a-4d95-ac4b-76d3c0995329	Hattem-13. Traktaat over huidziekten	hattem_13._traktaat_over_huidziekten	non-fiction	Prose	secular	artes	medicine	 	 	unknown	Titel aanpassen
INT_92f971ba-95f7-4c57-bae3-61ec1619d73b	Hattem-14. Medisch handboek Avicenna Cap. 16	hattem_14._medisch_handboek_avicenna_cap._16	non-fiction	Prose	secular	artes	medicine	 	 	unknown	Titel aanpassen
INT_167bfd5b-69e2-4e25-9532-527e171d0f1e	Hattem-15. Medicinale wateren / Brandewijn	hattem_15._medicinale_wateren_slash_brandewijn	non-fiction	Prose	secular	artes	medicine	 	 	unknown	Titel aanpassen
INT_7125d1bf-3902-489d-a0c2-4dc95f618581	Hattem-16. Medisch handboek	hattem_16._medisch_handboek	non-fiction	Prose	secular	artes	medicine	 	 	unknown	Titel aanpassen
INT_41fdafa7-11a4-456b-817b-be6270d7b611	Hattem-17. Diverse korte teksten, doorlopend	hattem_17._diverse_korte_teksten_doorlopend	non-fiction	Prose	secular	artes	medicine	artifices	 	unknown	Titel aanpassen
INT_3f0dc16c-d7f5-47a6-886f-486d0864a45e	Hattem-19. Constantinus Africanus 'Viatice'	hattem_19._constantinus_africanus_viatice_	non-fiction	Prose	secular	artes	medicine	 	 	unknown	Titel aanpassen
INT_c014e1a5-7703-4e19-ab3f-f40e5183c6d3	Hattem-20. Diverse korte teksten, doorlopend	hattem_20._diverse_korte_teksten_doorlopend	non-fiction	prose	secular	artes	medicine	 	 	unknown	Titel aanpassen
INT_a054936e-d116-4975-9204-bdf4d8f78b21	Hattem-21. Grote collectie medische recepten	hattem_21._grote_collectie_medische_recepten	non-fiction	prose	secular	artes	medicine	 	 	unknown	Titel aanpassen
INT_4e0abbc9-1ad4-4461-a782-2bd27949cb70	Hattem-22. Naschrift / Brandewijnrecept	hattem_22._naschrift_slash_brandewijnrecept	non-fiction	Prose	secular	artes	medicine	 	 	unknown	Titel aanpassen
INT_6a9e886c-7517-4d69-8ef6-f6352b89a165	Herbarijs	herbarijs	non-fiction	Prose	secular	artes	medicine	 	 	unknown	 
INT_55c86725-5b7d-480d-a0a1-d4749d0ad731	Hexe	hexe	fiction	Verse	secular	drama	 	 	 	unknown	 
INT_540f748a-6262-4424-a8f3-55c261e897c9	Heymelijchede der heymelijcheit	heymelijchede_der_heymelijcheit	non-fiction	Verse	secular	 	Philosophy / ethics	 	 	Jacob van Maerlant	 
INT_659b8621-093d-4bdb-919f-5b8c9fd56ae6	Historie van de borchgravinne van Vergi	historie_van_de_borchgravinne_van_vergi	fiction	Prose+verse	secular	chapbook	Chivalric romance	 	 	unknown	 
INT_cdc288b9-9eca-4d98-819f-2f0089b0673a	Historie vanden vier heemskinderen	historie_van_de_vier_heemskinderen	fiction	Prose	secular	chapbook	Chivalric romance	 	 	unknown	 
INT_33aca54e-d41a-4b40-ae00-c7f9e465f208	Historie van den grale	historie_van_den_grale	fiction	Verse	secular	epic	Chivalric romance	 	 	Jacob van Maerlant	 
INT_6580d8a2-bf5a-4108-9df1-718cb4f04220	Historie van die seuen wijse mannen van roemen	historie_van_die_seuen_wijse_mannen_van_roemen_go	fiction	Prose	secular	chapbook	 	 	 	unknown	 
INT_24a853a6-0452-4839-9605-4c8240c79bbb	Historie van Floris ende Blancefloer	historie_van_floris_ende_blancefloer	fiction	Prose	secular	chapbook	Chivalric romance	 	 	unknown	 
INT_24c8ddf4-c705-4947-8010-b23a74bb6560	Historie van Gaver Capeel	historie_van_gaver_capeel	fiction	Verse	secular	 	Chivalric romance	chapbook	 	unknown	 
INT_5c2464ac-12ef-4aa1-8977-c662d36e68e4	Historie van Hughe van Bordeus	historie_van_hughe_van_bordeus	fiction	Prose	secular	chapbook	Chivalric romance	 	 	unknown	 
INT_fef2b846-f966-470b-9d3d-54708f847060	Historie van Jan van Beverley	historie_van_jan_van_beverley_1500	fiction	Prose+verse	secular	chapbook	 	 	 	unknown	 
INT_28259626-5418-4066-be07-0584c1080436	Historie van Malegijs	historie_van_malegijs	fiction	Prose	secular	chapbook	Chivalric romance	 	 	unknown	 
INT_6b6bc900-2aa9-45ee-b598-56ba501af8d2	Die schoone hystorie van Margrieten des hertoghen dochter van Lymborch ende van haer broeder Heyndrick	historie_van_margarieta_van_lymborch	fiction	Prose	secular	chapbook	Chivalric romance	 	 	unknown	 
INT_766c6356-8877-45d0-a82f-f9eb4b9d453a	Historie van den wonderlicken Merlijn	historie_van_merlijn	fiction	Prose	secular	chapbook	Chivalric romance	 	 	unknown	 
INT_3a66d436-4299-44db-be23-7b9006d94366	Historie van Partinoples - Grave van Bleys	historie_van_partinoples_van_bleys	fiction	Prose	secular	chapbook	Chivalric romance	 	 	unknown	 
INT_2fee8d61-b94e-4384-a704-5035c0e3cfd0	Historie van Troyen	historie_van_troyen	fiction	verse	secular	epic	 	 	 	Jacob van Maerlant	 
INT_c64f09b6-2a87-436e-9405-e1b6342331c3	Historie vanden ridder metter swane	historie_vanden_ridder_metter_swane	fiction	Prose+verse	secular	chapbook	Chivalric romance	 	 	unknown	 
INT_8663ea96-ff25-4957-899b-c7694fef6950	Historien van Troyen (Aeneisbewerking)	historien_van_troyen_aeneisbewerking	fiction	Prose	secular	chapbook	 	 	 	unknown	 
INT_8fd79010-6644-4644-a200-c6e1f188af3f	Horologium Aeternae Sapientiae	horologium_hs_p	non-fiction	Prose	religious	 	Theology / ethics	 	 	Hendrick Suso	 
INT_f475a18e-af7e-4288-beca-fc2793d2dcb5	Huge van Bordeeus, fragment Leiden	huge_van_bordeeus_fragm_l	fiction	Verse	secular	epic	Chivalric romance	 	 	unknown	 
INT_b3dc8175-5a61-4338-9a4b-f4fd33cc93f1	Huge van Bordeeus, fragment Middelburg	huge_van_bordeeus_fragm_m	fiction	Verse	secular	epic	Chivalric romance	 	 	unknown	 
INT_c36ce773-9761-4164-a34c-f5b4704aa2e5	Ierste musyck boexken	ierste_musyck_boexken	fiction	Verse	secular	stanzaic	song	 	 	not applicable	 
INT_b203fa58-7af5-46ce-84a7-b3ad0a2f49dd	Jan Splinters testament	jan_splinters_testament	fiction	Verse	secular	chapbook	 	 	 	unknown	 
INT_1189af46-ca82-42a0-b9d0-b421000f6cf4	Jans teesteye	jans_teesteye	non-fiction	Verse	secular	 	Philosophy / ethics	 	 	Jan van Boendale	 
INT_936783ec-da85-477a-8eef-4f6becbbc48b	Jonathas ende Rosafiere	jonathas_ende_rosafiere	fiction	Verse	religious	epic	legend	 	 	unknown	 
INT_29bd810e-91eb-4b5c-8d98-edf3750b9695	Jonghe Lanfranc	jonghe_lanfranc	non-fiction	Prose	secular	artes	medicine	 	 	unknown	 
INT_71436f77-dba3-456f-a0f9-412779a737b7	Karel ende Elegast	karel_ende_elegast	fiction	Verse	secular	epic	Chivalric romance	chapbook	 	unknown	 
INT_0ed010b3-ef3b-45c8-a329-e6bf40f70f46	Kopenhaagse trotula	kopenhaagse_trotula	non-fiction	Prose	secular	artes	medicine	 	 	unknown	Auteur niet: Brigitte Kusche!!
INT_fdee7ce4-611d-449f-8601-30e788b76e5b	Korte kroniek van Brabant (korte versie 1)	korte_kroniek_van_brabant_korte_versie_1	non-fiction	Verse	secular	 	history	 	 	Jan van Boendale	 
INT_1026d164-defa-4109-a415-6b30777e6d25	Vande Hertogen ende Heeren van Brabant	korte_kroniek_van_brabant_korte_versie_2	non-fiction	Verse	secular	 	history	 	 	unknown	 
INT_bc09ff0e-4ee3-46b6-b29c-fdef435ae07e	Korte kroniek van Brabant (lange versie)	korte_kroniek_van_brabant_lange_versie	non-fiction	Verse	secular	 	history	 	 	Heraut Beyeren	 
INT_81d65964-55a3-4b16-a514-4c9fac78e825	Lanceloet en het hert met de witte voet	lanceloet_en_het_hert_met_de_witte_voet	fiction	Verse	secular	epic	Chivalric romance	 	 	unknown	 
INT_86183ffd-2477-4dda-9434-934a0e38292f	Lanseloet van Denemerken	lanseloet_van_denemerken	fiction	Verse	secular	drama	Chivalric romance	 	 	unknown	 
INT_735784f7-b5c4-4646-ac65-350e14240d0b	Lantsloot van der Haghedochte	lantsloot_van_der_haghedochte	fiction	Verse	secular	epic	Chivalric romance	 	 	unknown	 
INT_44eac292-d06d-4864-a0c2-9c7bd429c747	Lapidarijs	lapidarijs	non-fiction	Verse	secular	artes	science	Natural history	 	Jacob van Maerlant(?)	 
INT_0ecf7dde-2ff1-4dbb-80da-3ad9cbc64fb9	Amsterdams lectionarium, Lectionarium van Amsterdam	lectionarium_van_amsterdam	non-fiction	Prose	religious	Biblical texts	 	 	 	unknown	 
INT_9fe974c0-661e-4f74-8961-418bf167f285	Leringhe van orinen	leringhe_van_orinen	non-fiction	Prose	secular	artes	medicine	 	 	unknown	 
INT_9517c3d3-bb67-4210-b8ba-0fd054821ebc	Leven van Sint Trudo (proza)	leven_van_sint_trudo_proza	non-fiction	Prose	religious	 	Legendary hagiography	 	 	unknown	 
INT_1d5c9ed3-2cda-4f8a-8881-4b63e9d24589	Leven van Sint Trudo (berijming)	leven_van_sint_trudo_rijm	non-fiction	Verse	religious	epic	Legendary hagiography	 	 	unknown	 
INT_38373f8d-8c79-475c-b798-fa73c8dca250	Leven van Sinte Clara	leven_van_sinte_clara	non-fiction	Prose	religious	 	Legendary hagiography	 	 	unknown	 
INT_6a570033-d7d0-47e0-9d57-feb6710107e6	Libellum super modo vivendi (cap. 7), hs Nijmegen	libellum_super_modo_vivendi_hs_n	non-fiction	Prose	secular	 	Theology / ethics	 	 	Gerard Zerbolt van Zutphen	 
INT_d86176d6-e648-41a3-a8fd-61999178f6b8	Libellum super modo vivendi (cap. 7), hs Utrecht	libellum_super_modo_vivendi_hs_u	non-fiction	Prose	secular	 	Theology / ethics	 	 	Gerard Zerbolt van Zutphen	 
INT_8ed36641-1c7b-4865-b494-0210b24d661a	Libellum super modo vivendi (cap. 7), hs Wenen	libellum_super_modo_vivendi_hs_w	non-fiction	Prose	secular	 	Theology / ethics	 	 	Gerard Zerbolt van Zutphen	 
INT_1b88ac62-9a0f-4903-a184-95cc79f914b1	Liber Magistri Avicenne	liber_magistri_avicenne	non-fiction	Prose	secular	artes	medicine	 	 	unknown	 
INT_d8d19b81-5c6e-47a5-bbc7-36164c858465	Limburgse sermoenen	limburgse_sermoenen	non-fiction	Prose	religious	 	Theology / ethics	 	 	unknown	 
INT_2f8ec90f-4afa-4f85-8749-47d4d7c42c81	Lion van Bourges	lion_van_bourges	fiction	Verse	secular	epic	Chivalric romance	 	 	unknown	 
INT_721b7535-05dc-45f6-9cf7-7935e96d7a20	Lippijn	lippijn	fiction	Verse	secular	drama	 	 	 	unknown	 
INT_70c47cf0-5215-4565-b2b6-d1d7aff01911	Livre des mestiers	livre_des_mestiers	non-fiction	prose	secular	artes	linguistics	 	 	unknown	 
INT_755805a1-bbe6-4b2f-9d3e-fd90def206ca	Loyhier en Malaert, fragment Antwerpen	loyhier_en_malaert_fragm_a	fiction	Verse	secular	epic	Chivalric romance	 	 	unknown	 
INT_0da46d29-bfbe-4bb7-a000-403530fcd5fd	Loyhier en Malaert, fragment Gent	loyhier_en_malaert_fragm_g	fiction	verse	secular	epic	Chivalric romance	 	 	unknown	 
INT_882e367a-c3bb-4aa5-aa02-efa26b4379cd	Loyhier en Malaert, fragment Leiden 1	loyhier_en_malaert_fragm_l1	fiction	Verse	secular	epic	Chivalric romance	 	 	unknown	 
INT_63c74bd5-4800-4c3d-be60-8f71019f6778	Loyhier en Malaert, fragment Leiden 2	loyhier_en_malaert_fragm_l2	fiction	Verse	secular	epic	Chivalric romance	 	 	unknown	 
INT_de807c07-fbf0-4ad7-8e24-5a0262e3f5d7	Luikse leven van Jezus, Luikse diatessaron, Diatessaron van Luik, Leven van Jezus (L-tekst)	luikse_leven_van_jezus	non-fiction	Prose	religious	Biblical texts	 	 	 	unknown	 
INT_2be081f8-3eae-487a-8a6b-0dc521660a41	Minnedichten 1, Lundse Liederen A	lundse_liederen_a	fiction	Verse	secular	stanzaic	song	 	 	unknown	 
INT_3b1fc999-5433-49b1-9ecc-1227552eb4b9	Minnedichten 2, Lundse Liederen B	lundse_liederen_b	fiction	Verse	secular	stanzaic	song	 	 	unknown	 
INT_6d0c5de2-f965-49c8-ba0c-35f83c5d7b72	Van der manen zeden	maanzodiologium	non-fiction	Verse	secular	artes	science	Astronomy / astrology	 	unknown	 
INT_06e6e895-be48-4cac-80af-1033f8c23f52	Madelgijs, fragment Antwerpen	madelgijs_fragm_a	fiction	Verse	secular	epic	Chivalric romance	 	 	unknown	 
INT_f25ec04b-fce0-4cba-932b-0b71fbd05c4d	Madelgijs, fragment Berlijn	madelgijs_fragm_be	fiction	Verse	secular	epic	Chivalric romance	 	 	unknown	 
INT_4e022fdd-7d9d-4923-aedd-c3e9abfa2c46	Madelgijs, fragment Düsseldorf	madelgijs_fragm_d	fiction	Verse	secular	epic	Chivalric romance	 	 	unknown	 
INT_8ab8cb7d-4012-4602-a2fa-567e96f639dd	Madelgijs, fragment Gent 1	madelgijs_fragm_g1	fiction	Verse	secular	epic	Chivalric romance	 	 	unknown	 
INT_d5d5d2ab-d5dc-43b7-9724-6bb87a624c5c	Madelgijs, fragment Gent 2	madelgijs_fragm_g2	fiction	Verse	secular	epic	Chivalric romance	 	 	unknown	 
INT_9230b861-c40e-49b0-a60a-b9bc1f50aa41	Madelgijs, fragment Leiden 1	madelgijs_fragm_le1	fiction	Verse	secular	epic	Chivalric romance	 	 	unknown	 
INT_e4601d71-e538-46ec-b8cf-4abb1b6760c1	Madelgijs, fragment Leiden 2	madelgijs_fragm_le2	fiction	Verse	secular	epic	Chivalric romance	 	 	unknown	 
INT_10777397-2deb-4318-829c-880f3111d58b	Madelgijs, fragment Leiden 3	madelgijs_fragm_le3	fiction	Verse	secular	epic	Chivalric romance	 	 	unknown	 
INT_84ef8b81-9d69-4ab4-b1b3-a580086cca28	Madelgijs, fragment Leiden 4	madelgijs_fragm_le4	fiction	Verse	secular	epic	Chivalric romance	 	 	unknown	 
INT_7682a815-3b40-4149-999a-9078c4e4c837	Madelgijs, fragment Londen	madelgijs_fragm_lo	fiction	Verse	secular	epic	Chivalric romance	 	 	unknown	 
INT_17480460-38b4-41af-905f-076955068189	Madelgijs, fragment Neurenberg	madelgijs_fragm_n	fiction	Verse	secular	epic	Chivalric romance	 	 	unknown	 
INT_36ccf340-e4f9-436b-a3cb-efea579782be	Madelgijs, fragment Parijs	madelgijs_fragm_p	fiction	Verse	secular	epic	Chivalric romance	 	 	unknown	 
INT_e96cf931-fca9-44c7-99f4-4dd5a37603a8	Madelgijs, fragment Rotterdam	madelgijs_fragm_r	fiction	Verse	secular	epic	Chivalric romance	 	 	unknown	 
INT_95fc0418-cda0-42b7-a09a-77bfed40078c	Onser liever vrouwen miraculen	marialegenden_en_exempelen	fiction	Prose	religious	 	legend	 	 	unknown	 
INT_915f3a3b-6260-469a-9358-cd1a91487580	Medicina	medicina	non-fiction	Prose	secular	artes	medicine	 	 	Jan Yperman	 
INT_0cc7f97c-344a-4173-aaf8-0b686c6d2f9f	Melibeus	melibeus	non-fiction	Verse	secular	 	Philosophy / ethics	 	 	Jan van Boendale	 
INT_e47e2e9d-624b-40b9-9a6b-1d0019d6660c	Mellibeus	mellibeus	non-fiction	Prose	secular	 	Philosophy / ethics	 	 	Dirc Potter	 
INT_08f16391-7a88-4b37-b967-4f398e604972	Mengeldichten I-XVI	mengeldichten_hadewijch	non-fiction	Verse	religious	 	Theology / ethics	 	 	Hadewijch	 
INT_bf164558-968d-4c1d-a759-999717b747a3	Merlijn-continuatie, fragment Leiden	merlijn-continuatie_fragm_a	fiction	Verse	secular	epic	Chivalric romance	 	 	Lodewijk van Velthem	 
INT_bf34f4de-2435-4df9-a11e-338d4d10fb96	Merlijn-continuatie, fragment Maastricht	merlijn-continuatie_fragm_ma	fiction	Verse	secular	epic	Chivalric romance	 	 	Lodewijk van Velthem	 
INT_bd19a4a2-03c4-4b31-94b0-5ebfccd4b70b	Merlijn-continuatie. fragment Münster	merlijn-continuatie_fragm_mu	fiction	Verse	secular	epic	Chivalric romance	 	 	Lodewijk van Velthem	 
INT_30b9d2c8-7cab-4205-b9c1-b9d272bb68f7	Merlijns boec	merlijns_boec	fiction	Verse	secular	epic	Chivalric romance	 	 	Jacob van Maerlant	 
INT_aa7ae4a3-7080-441a-bcb2-83bfe8920546	Natuurkunde van het geheelal	natuurkunde_van_het_geheelal	non-fiction	Verse	secular	artes	science	Astronomy / astrology	 	unknown	 
INT_89c2e411-4970-41a9-a080-a39a64f61250	Nieuwe doctrinael	nieuwe_doctrinael	non-fiction	Verse	secular	 	Philosophy / ethics	 	 	unknown	 
INT_d3a53600-7b21-4aa8-9aad-f424fa5bbdf0	Nieuwe Testament (Nndl. vert.)	nieuwe_testament_nndl	non-fiction	Prose	religious	Biblical texts	 	 	 	Johannes Scutken	 
INT_71dde2a7-4c76-4a90-8ce6-fef1185377d5	Nieuwe Testament (Zndl. vert.) - deel 1, Vier evangeliën (Zndl. vert.)	nieuwe_testament_zndl_1	non-fiction	Prose	religious	Biblical texts	 	 	 	unknown	 
INT_b9b2e439-e5da-44a4-b4e7-593a8648f997	Nieuwe Testament (Zndl. vert.) - deel 2	nieuwe_testament_zndl_2	non-fiction	Prose	religious	Biblical texts	 	 	 	unknown	 
INT_d78c7183-f8ec-4fcd-96f0-374d80c5b6b8	Noch die tien ghebode	noch_die_tien_ghebode	non-fiction	Verse	religious	 	Theology / ethics	 	 	unknown	 
INT_4f03675b-2144-4168-9bad-e3189efbb17a	Noch van Salladine	noch_van_salladine	fiction	Verse	secular	epic	Chivalric romance	 	 	unknown	 
INT_f6dc62e7-e614-4df0-9ea3-cdb1596c8095	Noordnederlandse Historiebijbel	noordnederlandse_historiebijbel	non-fiction	Prose	religious	Biblical texts	 	 	 	unknown	 
INT_24fa07cc-f3c5-48ea-853d-a8b1fd274bc9	O crux lignum triumphale	o_crux_lignum_triumphale	fiction	Verse	religious	 	legend	 	 	unknown	 
INT_9019e913-a836-40b9-b065-92051bc78c95	Ogier van Denemarken, fragment Brussel 1	ogier_van_denemarken_fragm_br1	fiction	Verse	secular	epic	Chivalric romance	 	 	unknown	 
INT_0c267293-5afa-43d4-968e-00d0369509d8	Ogier van Denemarken, fragment Brussel 2	ogier_van_denemarken_fragm_br2	fiction	Verse	secular	epic	Chivalric romance	 	 	unknown	 
INT_8b26d4c8-b1f2-41ee-bdb7-cab7b3b2e977	Ogier van Denemarken, fragment Krakau	ogier_van_denemarken_fragm_k	fiction	Verse	secular	epic	Chivalric romance	 	 	unknown	 
INT_8bc7ea24-28f0-4909-b7d5-f58795acc880	Ogier van Denemarken, fragment Leuven	ogier_van_denemarken_fragm_l	fiction	Verse	secular	epic	Chivalric romance	 	 	unknown	 
INT_2d7317f1-9fa9-4690-89b8-c5bb280c019f	Ongeïdentificeerd (1)	ongeidentificeerd_1	fiction	Verse	secular	epic	Chivalric romance	 	 	unknown	 
INT_012c536b-2087-436d-a242-68f6e81e97f8	Ongeïdentificeerd (2)	ongeidentificeerd_2	fiction	Verse	secular	epic	Chivalric romance	 	 	unknown	 
INT_e655b989-43a8-47d1-9129-00ce468359cf	Ongeïdentificeerd (3)	ongeidentificeerd_3	fiction	Verse	secular	epic	Chivalric romance	 	 	unknown	 
INT_84acc21d-0230-4c6b-ba67-6fb10857e97a	Ongeïdentificeerd (4)	ongeidentificeerd_4	fiction	Verse	secular	epic	Chivalric romance	 	 	unknown	 
INT_a552087d-ea2c-4f52-86bd-a9b9ba326ae1	Ongeïdentificeerd (6)	ongeidentificeerd_6	fiction	Verse	secular	epic	Chivalric romance	 	 	unknown	 
INT_af71155c-0845-4c6e-9d40-616f554da582	Ongeïdentificeerd fragment	ongeidentificeerd_fragment	fiction	Verse	secular	epic	Chivalric romance	 	 	unknown	 
INT_b3f52aad-4261-4a6c-b1f6-fa30b1d42938	Ons heren passie	ons_heren_passie	non-fiction	Verse	religious	epic	Biblical texts	 	 	unknown	 
INT_d8eb3379-7d85-4c3c-91d7-c5597b8d3ecc	Parthonopeus van Bloys, fragment Berlijn	parthonopeus_van_bloys_fragm_be	fiction	verse	secular	epic	Chivalric romance	 	 	unknown	 
INT_e8e74c51-1046-4df9-8520-49b03ebfa1ab	Parthonopeus van Bloys, fragment Brussel	parthonopeus_van_bloys_fragm_br	fiction	Verse	secular	epic	Chivalric romance	 	 	unknown	 
INT_148d7504-21bb-4c19-b126-d842ac780cde	Parthonopeus van Bloys, fragment Keulen 1	parthonopeus_van_bloys_fragm_k1	fiction	Verse	secular	epic	Chivalric romance	 	 	unknown	 
INT_929bb760-8745-4f8b-b313-a49a93b32e0d	Parthonopeus van Bloys, fragment Keulen 3	parthonopeus_van_bloys_fragm_k3	fiction	Verse	secular	epic	Chivalric romance	 	 	unknown	 
INT_75334ee8-3e47-41e2-8c72-10079fb403e4	Parthonopeus van Bloys, fragment Maastricht	parthonopeus_van_bloys_fragm_ma	fiction	verse	secular	epic	Chivalric romance	 	 	unknown	 
INT_9688ac1a-263d-4780-91be-f6b1387fa8eb	Parthonopeus van Bloys, fragment Praag	parthonopeus_van_bloys_fragm_pr	fiction	Verse	secular	epic	Chivalric romance	 	 	unknown	 
INT_fdc2d53a-adea-4c8e-87fa-be84890ab568	Expositie op het Pater Noster	pater_noster_in_duutsce	non-fiction	Prose	religious	 	Theology / ethics	 	 	unknown	 
INT_ab8a997a-dfd9-4add-907c-3ed857f80c86	Historie van Reynaert die vos	proza-reinaert	fiction	Prose	secular	chapbook	 	 	 	unknown	 
INT_e1d02829-e234-4b8c-a391-1273d899c41b	Psalmen, Bijbelvertaling van 1360, Oude Testament	psalmen	non-fiction	Prose	religious	Biblical texts	 	 	 	unknown	 
INT_019a92d2-6c0d-431f-a3b4-4702202213d3	Pseudo-Bonaventura-Ludolfiaanse Leven van Jesus, Bonaventura-Ludolphiaanse Leven van Jezus, Leven ons heren Ihesu Cristi	pseudo-bonaventura-ludolfiaanse_leven_van_jesus_hs_l1	non-fiction	Prose	religious	Biblical texts	 	 	 	unknown	 
INT_291a3055-cb2f-4f76-b3b0-a3915550724d	Queeste van den Grale	queeste_van_den_grale	fiction	verse	secular	epic	Chivalric romance	 	 	unknown	 
INT_390eda00-1ef4-4c34-9d6e-9577bb74cb39	Reinaerts historie	reinaerts_historie	fiction	Verse	secular	epic	 	 	 	unknown	 
INT_c7538082-b652-441c-9e8a-bcf61f8d5a7a	Reis van Jan van Mandeville	reis_van_jan_van_mandeville	non-fiction	Prose	secular	artes	travelogue	 	 	unknown	 
INT_dc84c0b2-40bf-4c79-821b-c055fea51aef	Renout van Montalbaen, fragment Berlijn	renout_van_montalbaen_fragm_be	fiction	Verse	secular	epic	Chivalric romance	 	 	unknown	 
INT_d6b6a901-6caa-4490-9674-9bd07bbef92d	Renout van Montalbaen, fragment Den Haag	renout_van_montalbaen_fragm_dh	fiction	Verse	secular	epic	Chivalric romance	 	 	unknown	 
INT_e5628377-76d1-4df9-ae73-6217ccd920d2	Renout van Montalbaen, fragment Leuven	renout_van_montalbaen_fragm_l	fiction	Verse	secular	epic	Chivalric romance	 	 	unknown	 
INT_3e3b16c7-2726-4618-82c3-d63b53fef0ef	Renout van Montalbaen, fragment Stockholm	renout_van_montalbaen_fragm_s	fiction	Verse	secular	epic	Chivalric romance	 	 	unknown	 
INT_0c1db358-448c-4020-b4c2-0d457a246142	Rijcke der ghelieven	rijcke_der_ghelieven	non-fiction	Prose	religious	 	Theology / ethics	 	 	Jan van Ruusbroec	 
INT_17eb43b4-6199-40cc-9599-03d66f3952ab	Rijmkroniek van Holland	rijmkroniek_van_holland	non-fiction	Verse	secular	 	history	 	 	Melis Stoke	 
INT_c1b59bb4-9858-4fc7-8230-77901b694f49	Rijmkroniek van Woeringen	rijmkroniek_van_woeringen	non-fiction	Verse	secular	 	history	 	 	Jan van Heelu	 
INT_ca640027-293d-4ae7-99c2-166632b31d5d	Rijmspreuken	rijmspreuken	non-fiction	Verse	secular	stanzaic	Philosophy / ethics	 	 	unknown	 
INT_109cc8c8-d96a-487d-8a7c-52354866ba22	Rinclus	rinclus	non-fiction	Verse	secular	stanzaic	Philosophy / ethics	 	 	Gielijs van Molhem + Heinrec	 
INT_89fd2a25-d891-4561-8554-781b5d95bda3	Roelantslied, fragment Amsterdam	roelantslied_fragm_a	fiction	Verse	secular	epic	Chivalric romance	 	 	unknown	 
INT_f040d487-e100-4adb-b97a-b1e9a3cce89f	Roelantslied, fragment Brussel	roelantslied_fragm_br	fiction	Verse	secular	epic	Chivalric romance	 	 	unknown	 
INT_c7b51301-8c5f-4622-a4af-5b0d6a03e186	Roelantslied, fragment Den Haag	roelantslied_fragm_dh	fiction	Verse	secular	epic	Chivalric romance	 	 	unknown	 
INT_70df2510-6300-4681-b81d-c72cda3a699a	Roelantslied, fragment Lille	roelantslied_fragm_ri	fiction	Verse	secular	epic	Chivalric romance	 	 	unknown	 
INT_352dab3d-a45b-47d0-a8b7-3c913a6dff11	Roelantslied, fragment Rotterdam	roelantslied_fragm_ro	fiction	Verse	secular	epic	Chivalric romance	 	 	unknown	 
INT_3e1ef9a3-dcdb-4e05-afeb-cba75312ba4d	Roman der Lorreinen, fragment Giessen	roman_der_lorreinen_fragm_gi	fiction	Verse	secular	epic	Chivalric romance	 	 	unknown	 
INT_1ab3b001-9b4d-4570-b109-7e377e7fd5c9	Roman van Antiochië, fragment Gent	roman_van_antiochie_fragm_g	fiction	Verse	secular	epic	Chivalric romance	 	 	unknown	 
INT_45f79390-9637-4f0c-ac07-d4eb9d2049ea	Roman van Antiochië, fragment Leuven	roman_van_antiochie_fragm_l	fiction	Verse	secular	epic	Chivalric romance	 	 	unknown	 
INT_68d4bd76-945f-4b17-a18c-1d78c31aa188	Roman van Antiochië, fragment Wenen	roman_van_antiochie_fragm_w	fiction	Verse	secular	epic	Chivalric romance	 	 	unknown	 
INT_737a103d-1d4b-4558-b3fe-4146265e97a5	Roman van Caesar	roman_van_caesar_fragm_br	fiction	Verse	secular	epic	Chivalric romance	 	 	unknown	 
INT_82f77588-066e-4e76-975c-5a965c1721e1	Roman van Cassamus (verkorte versie)	roman_van_cassamus__kort_1350	fiction	Verse	secular	epic	Chivalric romance	 	 	unknown	 
INT_e8768b9f-a7cf-48b1-b4ba-3e68bb4bab1d	Roman van Cassamus (lange versie)	roman_van_cassamus__lang_1350	fiction	Verse	secular	epic	Chivalric romance	 	 	unknown	 
INT_243fdc36-03ea-4be8-9e36-0dfa30e0ea65	Roman van Cassamus (lange versie)	roman_van_cassamus__lang_1360	fiction	Verse	secular	epic	Chivalric romance	 	 	unknown	 
INT_b19063b7-7191-4dff-a6ed-dff251463995	Roman van Cassant	roman_van_cassant	fiction	Verse	secular	epic	Chivalric romance	 	 	unknown	 
INT_b77afcc0-0aa9-4be6-ad1e-865ce8a05122	Roman van den riddere metter mouwen (verkorte versie)	roman_van_den_riddere_metter_mouwen	fiction	verse	secular	epic	Chivalric romance	 	 	unknown	 
INT_8ef1f55b-1d95-44f1-aedb-b66601f91589	Roman van den riddere metter mouwen, fragment Brussel	roman_van_den_riddere_metter_mouwen_fragm_br	fiction	Verse	secular	epic	Chivalric romance	 	 	unknown	 
INT_648e2ae9-ac61-47c3-9b5d-e375c2d2a011	Roman van Florimont	roman_van_florimont	fiction	Verse	secular	epic	Chivalric romance	 	 	unknown	 
INT_7441ffeb-e5aa-499f-986d-a8d3a34b3436	Roman van Iechemas	roman_van_iechemas	fiction	Verse	secular	epic	Chivalric romance	 	 	unknown	 
INT_78929002-3459-4f43-876d-f0816c3b9886	Roman van Jonathas ende Rosafiere, fragment Amsterdam	roman_van_jonathas_ende_rosafiere_fragm_a	fiction	Verse	secular	epic	Chivalric romance	chapbook	 	unknown	 
INT_411a49e2-f031-4309-b13d-8f5bfbe29788	Roman van Jonathas ende Rosafiere, fragment Gent	roman_van_jonathas_ende_rosafiere_fragm_g	fiction	verse	secular	epic	Chivalric romance	chapbook	 	unknown	 
INT_64371173-31e3-4bc6-becc-bef16142bdce	Roman van Lancelot, fragment Brussel	roman_van_lancelot_fragm_br	fiction	Verse	secular	epic	Chivalric romance	 	 	unknown	 
INT_0648bf05-8f52-44eb-b906-3f109d598bf2	Roman van Lancelot (prozaroman)	roman_van_lancelot_proza	fiction	Prose	secular	epic	 	 	 	unknown	 
INT_b94d9aaf-105c-45f3-ad2b-2ab854ef880a	Roman van Lancelot, Haagse codex	roman_van_lancelot_rijm	fiction	verse	secular	epic	Chivalric romance	 	 	unknown	 
INT_86516127-0d9d-4666-b1b7-5964d5867506	Roman van Limborch	roman_van_limborch	fiction	Verse	secular	epic	Chivalric romance	 	 	Heinriic	 
INT_f1abe088-010d-44e0-8137-a66136b99a96	Roman van Moriaen	roman_van_moriaen	fiction	Verse	secular	epic	Chivalric romance	 	 	unknown	 
INT_b44198eb-5a2f-466e-baaa-08ba058b65a1	Roman van Perchevael	roman_van_perchevael	fiction	verse	secular	epic	Chivalric romance	 	 	unknown	 
INT_7530983b-df7f-473f-8693-406d535019ea	Roman van Perchevael, fragment Brussel	roman_van_perchevael_fragm_br	fiction	Verse	secular	epic	Chivalric romance	 	 	unknown	 
INT_7e6a4db4-43ca-44aa-a9f6-45f5856b1928	Roman van Saladin	roman_van_saladin	fiction	Verse	secular	epic	Chivalric romance	 	 	unknown	 
INT_220ccb34-7c52-48ec-ada6-5dcb561a3b1f	Roman van Torec	roman_van_torec	fiction	Verse	secular	epic	Chivalric romance	 	 	Jacob van Maerlant	 
INT_feebe687-0908-4cde-a825-6f0f5b37941f	Roman van Walewein	roman_van_walewein	fiction	Verse	secular	epic	Chivalric romance	 	 	Penninc + Pieter Vostaert	 
INT_144a5fe0-ca3e-490f-9c29-c8cbad0e11de	Rose	rose	fiction	Verse	secular	 	 	 	 	Heinric	 
INT_6269c21d-e04c-4248-b070-84cfb264a258	Rubben	rubben	fiction	Verse	secular	drama	 	 	 	unknown	 
INT_ff08b80d-0082-46d6-9c3c-bb8061f2b1df	Salomon ende Marcolphus	salomon_ende_marcolphus	fiction	Prose	secular	chapbook	Philosophy / ethics	 	 	unknown	 
INT_519cbb76-ba37-45e7-85c2-bb355feb3896	Schepping	schepping	non-fiction	Verse	religious	 	Theology / ethics	 	 	Augustijnken	 
INT_75feb76b-671a-4d31-90b5-6b994b45b7dc	Segheliin van Jerusalem	segheliin_van_jerusalem	fiction	Verse	secular	epic	Chivalric romance	 	 	unknown	 
INT_5004a7ff-78a6-4641-bb01-fe13a7834a00	Sidrac	sidrac	non-fiction	Prose	secular	 	Philosophy / ethics	 	 	unknown	 
INT_e1c5ce08-42be-4267-a57d-d6fecb0b976d	Sint Patricius' vagevuur (berijming)	sint_patricius_vagevuur	fiction	Verse	religious	 	legend	 	 	unknown	 
INT_735bfba9-2ff6-4f65-a246-c539d35cdba7	Sint Patricius' vagevuur (hs. H)	sint_patricius_vagevuur_hs_h	fiction	Prose	religious	 	legend	 	 	unknown	 
INT_fdb6817a-7a0a-4320-b9bf-3ba82c99f9cf	Sint Patricius' vagevuur (hs. W), hs Warmond	sint_patricius_vagevuur_hs_w	fiction	Prose	religious	 	legend	 	 	unknown	 
INT_155d2f44-027c-4f9e-8b0b-a57e784e9cda	Sint Servaes legende	sint_servaes	non-fiction	Verse	religious	epic	Legendary hagiography	 	 	Heinric van Veldeke	 
INT_245d8034-5eb4-4c86-a1a8-844fc4cdf728	Sinte Franciscus leven	sinte_franciscus_leven	non-fiction	Verse	religious	epic	Legendary hagiography	 	 	Jacob van Maerlant	 
INT_530a1b40-9572-4da2-a1d8-7f6df3cfe710	Sinte Kunera	sinte_kunera	non-fiction	verse	religious	epic	Legendary hagiography	 	 	unknown	 
INT_efa514f9-79dc-4006-bf23-fb58d1fffc54	Slag van Crecy	slag_van_crecy	non-fiction	Verse	secular	 	history	 	 	unknown	 
INT_2b84496c-0fab-4f8c-b213-647a25db2ae6	Speghel der wijsheit	speghel_der_wijsheit	non-fiction	Verse	secular	 	Philosophy / ethics	 	 	Jan Praet	 
INT_e283d585-a9b6-457d-8b06-63e2142fed8e	Spel van Abraham en Sara	spel_van_abraham_en_sara	fiction	Verse	religious	drama	 	 	 	unknown	 
INT_29adb9fb-c39a-4188-ad50-859d4c554772	Spel van de Antichrist	spel_van_de_antichrist	fiction	Verse	religious	drama	 	 	 	unknown	 
INT_127ec890-90c9-4066-ab5e-3769f7da3317	Spiegel der jongers	spiegel_der_jongers	non-fiction	Verse	secular	stanzaic	Philosophy / ethics	chapbook	 	Lambertus Goetman	 
INT_27c709bd-324a-4100-8093-1abceaa1a4ed	Spiegel der sonden (berijming), fragment Gent 1	spiegel_der_sonden_fragm_ge1	non-fiction	Verse	secular	 	Philosophy / ethics	 	 	unknown	 
INT_f9d742e8-27ca-4902-aa51-4d5101b03c10	Spiegel der sonden (berijming), fragment Gent 2	spiegel_der_sonden_fragm_ge2	non-fiction	Verse	secular	 	Philosophy / ethics	 	 	unknown	 
INT_59dbce8d-6af0-476a-ba48-07c20feb62f7	Spiegel der sonden (berijming), fragment Münster	spiegel_der_sonden_fragm_mu	non-fiction	Verse	secular	 	Philosophy / ethics	 	 	unknown	 
INT_ab07f266-72ae-4088-8922-45c5f77b9838	Spiegel der sonden (proza)	spiegel_der_sonden_proza	non-fiction	prose	secular	 	Philosophy / ethics	 	 	unknown	 
INT_5ea55cb3-f38a-4a9b-aca0-033859384a3c	Spiegel der sonden (berijming)	spiegel_der_sonden_rijm	non-fiction	Verse	secular	 	Philosophy / ethics	 	 	unknown	 
INT_3ec664dd-3760-4398-b26c-7dbad70eb5f6	Spiegel historiael (eerste partie / derde partie / vierde partie [aandeel Maerlant])	spiegel_historiael__1_3_4_maerlant	non-fiction	Verse	secular	 	history	 	 	Jacob van Maerlant	 
INT_49fb151c-d9cb-42bb-9185-0838cc419261	Spiegel historiael (tweede partie), fragment Wenen	spiegel_historiael__2	non-fiction	Verse	secular	 	history	 	 	Philip Utenbroeke	 
INT_3be53cea-e2d2-4209-95d5-7989945a22b1	Spiegel historiael (tweede partie), fragment Anholt	spiegel_historiael__2_fragm_ah	non-fiction	Verse	secular	 	history	 	 	Philip Utenbroeke	 
INT_0c24aee9-ab3e-47c9-98c2-2165eb45bce4	Spiegel historiael (tweede partie), Antwerpen	spiegel_historiael__2_fragm_an	non-fiction	Verse	secular	 	history	 	 	Philip Utenbroeke	 
INT_5f77fe23-1167-42a1-beca-2f26a52e96f3	Spiegel historiael (tweede partie), fragment Brugge	spiegel_historiael__2_fragm_brg	non-fiction	Verse	secular	 	history	 	 	Philip Utenbroeke	 
INT_0922878d-5f3c-42b7-b2fc-42b48fb4efb9	Spiegel historiael (tweede partie), fragment Brussel	spiegel_historiael__2_fragm_brs	non-fiction	verse	secular	 	history	 	 	Philip Utenbroeke	 
INT_5f52a258-3020-4733-aa08-a682591709de	Spiegel historiael (tweede partie), fragment Düsseldorf	spiegel_historiael__2_fragm_d	non-fiction	Verse	secular	 	history	 	 	Philip Utenbroeke	 
INT_9f08d8dc-c988-4e2a-a414-e5b23e54cbf1	Spiegel historiael (tweede partie), fragment Gent	spiegel_historiael__2_fragm_ge1	non-fiction	Verse	secular	 	history	 	 	Philip Utenbroeke	 
INT_be21a636-d5c0-444f-8105-6b308fa0199b	Spiegel historiael (tweede partie), fragment Leiden	spiegel_historiael__2_fragm_l	non-fiction	Verse	secular	 	history	 	 	Philip Utenbroeke	 
INT_06b9dc8e-8a5e-4379-94bf-8aa38a2c5b57	Spiegel historiael (vierde partie [aandeel Velthem]), fragment Berlijn	spiegel_historiael__4_velthem__fragm_be	non-fiction	Verse	secular	 	history	 	 	Lodewijk van Velthem	 
INT_7918c437-5506-427f-9b5b-5e812b5c0853	Spiegel historiael (vierde partie [aandeel Velthem]), fragment Brussel	spiegel_historiael__4_velthem__fragm_brs	non-fiction	verse	secular	 	history	 	 	Lodewijk van Velthem	 
INT_7c674a93-bdcd-468c-90ae-0b41e3ce6899	Spiegel historiael (vierde partie [aandeel Velthem]), fragment Gent 1	spiegel_historiael__4_velthem__fragm_ge1	non-fiction	Verse	secular	 	history	 	 	Lodewijk van Velthem	 
INT_08182683-2917-41af-bf23-42df94ae55f6	Spiegel historiael (vierde partie [aandeel Velthem]), fragment Gent 3	spiegel_historiael__4_velthem__fragm_ge3	non-fiction	Verse	secular	 	history	 	 	Lodewijk van Velthem	 
INT_28bbcb7f-23dc-426a-9342-89fd6fc164f5	Spiegel historiael (vierde partie [aandeel Velthem]), fragment Gent 4	spiegel_historiael__4_velthem__fragm_ge4	non-fiction	verse	secular	 	history	 	 	Lodewijk van Velthem	 
INT_c557efb3-d18c-428d-a708-27821938f511	Spiegel historiael (vierde partie [aandeel Velthem]), fragment Gent 5	spiegel_historiael__4_velthem__fragm_ge5	non-fiction	Verse	secular	 	history	 	 	Lodewijk van Velthem	 
INT_18bac14b-85e6-43a9-a436-72d871628e8e	Spiegel historiael (vierde partie [aandeel Velthem]), fragment Gent 6	spiegel_historiael__4_velthem__fragm_ge6	non-fiction	Verse	secular	 	history	 	 	Lodewijk van Velthem	 
INT_21da2232-87ec-47b5-b22a-671bce555ac5	Spiegel historiael (vierde partie [aandeel Velthem]), fragment Gent 7	spiegel_historiael__4_velthem__fragm_ge7	non-fiction	Verse	secular	 	history	 	 	Lodewijk van Velthem	 
INT_0c180d8f-fc3d-43da-bad5-25ea1dbdede7	Spiegel historiael (vierde partie [aandeel Velthem]), fragment Leiden	spiegel_historiael__4_velthem__fragm_l	non-fiction	Verse	secular	 	history	 	 	Lodewijk van Velthem	 
INT_d117b4a9-12f9-42b5-980f-a62b224ce66b	Spiegel historiael (vierde partie [aandeel Velthem]), fragment Mainz	spiegel_historiael__4_velthem__fragm_m	non-fiction	Verse	secular	 	history	 	 	Lodewijk van Velthem	 
INT_828ddf82-8786-4ad5-a44b-66d36df0588d	Spiegel historiael (vierde partie [aandeel Velthem]), fragment Wenen	spiegel_historiael__4_velthem__fragm_we	non-fiction	Verse	secular	 	history	 	 	Lodewijk van Velthem	 
INT_1dc5dc96-959a-445e-9a28-369599e26658	Spiegel historiael (vierde partie [aandeel Velthem]), fragment Wroclaw	spiegel_historiael__4_velthem__fragm_wr	non-fiction	Verse	secular	 	history	 	 	Lodewijk van Velthem	 
INT_2926ed90-08a4-4618-b8c3-04db5420f3ed	Spiegel historiael (vijfde partie)	spiegel_historiael__5	non-fiction	Verse	secular	 	history	 	 	Lodewijk van Velthem	 
INT_40fd9c8a-d136-44c7-9a8f-8d79544ae49a	Spieghel der eeuwigher salicheit	spieghel_der_eeuwigher_salicheit	non-fiction	Prose	religious	 	Theology / ethics	 	 	Jan van Ruusbroec	 
INT_45119c9c-a901-4147-9a92-5590f37aeb45	Spieghel der volcomenheit	spieghel_der_volcomenheit	non-fiction	Prose	religious	 	Theology / ethics	 	 	Hendrik Herp	 
INT_96573209-0252-420e-a87d-746055c2660a	Strofische gedichten (Hadewijch)	strofische_gedichten	fiction	verse	religious	stanzaic	song	 	 	Hadewijch	 
INT_3c5da590-8bf8-4314-89ee-2b348c5e0bd2	Stuttgartse leven van Jezus	stuttgartse_leven_van_jezus	non-fiction	Prose	religious	Biblical texts	 	 	 	unknown	 
INT_8cad63e7-ca77-4477-883f-9fd52fb851a3	Suverlijc boecxken	suverlijc_boecxken	fiction	Verse	religious	stanzaic	song	 	 	not applicable	 
INT_75367722-158c-4ae7-a965-72219f3ba5da	Tafel van den kersten ghelove (winterstuk)	tafel_van_den_kersten_ghelove_winterstuk	non-fiction	prose	religious	 	Theology / ethics	 	 	Dirc van Delft	 
INT_8fcaeef8-126b-4a2b-9e60-69d566ca05bb	Tafel van den kersten ghelove (zomerstuk)	tafel_van_den_kersten_ghelove_zomerstuk	non-fiction	Prose	religious	 	Theology / ethics	 	 	Dirc van Delft	 
INT_77540871-6e12-4d45-954c-6e7f04bc901d	Theophilus	theophilus	fiction	Verse	religious	epic	legend	 	 	unknown	 
INT_045c1e13-d5dd-4fb3-9727-827733913450	Tien plaghen ende die tien ghebode	tien_plaghen	non-fiction	verse	religious	 	Theology / ethics	 	 	unknown	 
INT_b39b9419-e193-4dbe-9f1e-0730f6b9560c	Tondalus' visioen (hs. G)	tondalus_visioen_hs_g	fiction	Prose	religious	 	legend	 	 	unknown	 
INT_e2bebf78-6804-4337-adf6-7a38fd5b615a	Tondalus' visioen (hs. H)	tondalus_visioen_hs_h	fiction	Prose	religious	 	legend	 	 	unknown	 
INT_bfc5ea4d-fa95-44e5-a129-f35d78733b2e	Tondalus' visioen (hs. N)	tondalus_visioen_hs_n	fiction	Prose	religious	 	legend	 	 	unknown	 
INT_894ea33e-52eb-4361-bf45-c0fc06b290d1	Truwanten	truwanten	fiction	Verse	secular	drama	 	 	 	unknown	 
INT_1513356d-2c0f-420a-9829-cfc0df219aab	Tvveeste musyck boexken	tvveeste_musyck_boexken	fiction	Verse	secular	stanzaic	song	 	 	not applicable	 
INT_ab75a1bc-f63d-4a7f-9ab4-1358385004d1	Tweede Martijn	tweede_martijn	non-fiction	Verse	secular	stanzaic	Philosophy / ethics	 	 	Jacob van Maerlant	 
INT_320a64c9-816f-44b6-b03d-a1af4eac45cd	Valentijn en Nameloos, fragment Berlijn	valentijn_en_nameloos_fragm_be	fiction	Verse	secular	epic	Chivalric romance	 	 	unknown	 
INT_bc78c754-dc69-4519-8f56-a2a055d29160	Valentijn en Nameloos, fragment Gent	valentijn_en_nameloos_fragm_ge	fiction	Verse	secular	epic	Chivalric romance	 	 	unknown	 
INT_6341b315-94bb-4f43-ac2e-e9e6e4972bcc	Van de vier elementen en complexiën	van_de_vier_elementen_en_complexien	non-fiction	prose	secular	artes	science	physionomy	 	unknown	 
INT_4088d6a0-119a-42ac-93e4-f69925d8db89	Van den derden Eduwaert	van_den_derden_eduwaert	non-fiction	Verse	secular	 	history	 	 	Jan van Boendale	 
INT_1a6c2ace-9d10-42fb-9acc-587b91471e75	Van den lande van over zee	van_den_lande_van_over_zee	non-fiction	Verse	secular	stanzaic	 	 	 	Jacob van Maerlant	 
INT_77c6934e-4fab-4f0a-bead-0970ca842d32	Van den neghen besten (korte versie)	van_den_neghen_besten__kort	non-fiction	Verse	secular	 	history	 	 	unknown	 
INT_0c1af0c3-ac28-4136-8c29-062b1132ea75	Van den neghen besten (lange versie)	van_den_neghen_besten__lang	non-fiction	verse	secular	 	history	 	 	unknown	 
INT_af0d73ab-4c26-4173-bc0a-442616f7d08b	Van den verkeerden Martijn	van_den_verkeerden_martijn	non-fiction	Verse	secular	stanzaic	Philosophy / ethics	 	 	Jacob van Maerlant(?)	 
INT_718c99e6-5255-49bf-b3fb-cdbbb4f81754	Van den VII Vroeden van binnen Rome	van_den_vii_vroeden_van_binnen_rome	fiction	Verse	secular	chapbook	 	 	 	unknown	 
INT_1164f729-1c03-48c8-a008-908dc51d4928	Van den vijf vrouden	van_den_vijf_vrouden	non-fiction	Verse	religious	stanzaic	 	 	 	Jacob van Maerlant	 
INT_68d11107-06d3-488a-8c77-4bf95587fb46	Van den vos Reynaerde	van_den_vos_reynaerde	fiction	Verse	secular	epic	 	 	 	Willem	 
INT_dc163525-a71e-43f1-80cb-97a67f0d469d	Noch meer van wiven	van_der_wive_wonderlijcheit_kort	non-fiction	Verse	secular	 	 	 	 	unknown	 
INT_afe2dc1b-6952-4b5c-981b-6494c62404b1	Van der wive wonderlijcheit (lange versie)	van_der_wive_wonderlijcheit_lang	non-fiction	Verse	secular	 	 	 	 	unknown	 
INT_05779707-961a-423f-9dcc-4c5f918048fc	Van ghevene	van_ghevene	non-fiction	Verse	secular	 	 	 	 	unknown	 
INT_d657ab6a-a88e-488c-bfa3-8ae08d30cfe7	Van Maskeroen	van_maskeroen	fiction	Verse	religious	 	 	 	 	unknown	 
INT_d35e6baa-0c90-4d18-9bad-0db902438c3f	Van ons heren wonden	van_ons_heren_wonden	non-fiction	Verse	religious	 	 	 	 	Jacob van Maerlant(?)	 
INT_9ef67b27-3092-4cdd-b143-3e8d82e4ee21	Van Saladijn	van_saladijn	fiction	Verse	secular	epic	Chivalric romance	 	 	Hein van Aken	 
INT_101914f9-b1cb-4427-ba2d-b9ecb0d9b7cc	Van sente Brandane	van_sente_brandane	fiction	Verse	religious	epic	legend	travelogue	 	unknown	 
INT_ee931413-70bf-4290-9337-78bc3fb4101a	Van ses vaerwen ende twaelf outheyden	van_ses_vaerwen	non-fiction	Verse	secular	 	 	 	 	unknown	 
INT_e9b73aa1-2572-499b-8393-31a7ebc0ecbf	Van seven trappen	van_seven_trappen	non-fiction	Prose	religious	 	Theology / ethics	 	 	Jan van Ruusbroec	 
INT_755cb201-9520-4ac2-8099-222bea6408a0	Van smeinscen lede	van_smeinscen_lede	non-fiction	Verse	secular	artes	medicine	biology	 	unknown	 
INT_9668280d-21bd-4259-82cb-c746f0164c1d	Vanden blinckenden steen	vanden_blinckenden_steen	non-fiction	Prose	religious	 	Theology / ethics	 	 	Jan van Ruusbroec	 
INT_5afcf861-d9ba-4fd8-8e34-c8675232fd37	Vanden kerstenen ghelove	vanden_kerstenen_ghelove	non-fiction	prose	religious	 	Theology / ethics	 	 	Jan van Ruusbroec	 
INT_aefb3a26-5702-499c-a0a5-2b785819fc2b	Vanden levene ons heren	vanden_levene_ons_heren	non-fiction	Verse	religious	epic	 	 	 	unknown	 
INT_20fddc93-1a95-46dd-a422-12a5b30b71a0	Van den proprieteyten der dingen	vanden_proprieteyten_der_dinghen	non-fiction	prose	secular	artes	 	 	 	Bartholomeus Anglicus	 
INT_c41b9df3-e660-4481-9097-b5e0809931f7	Vanden seven sloten	vanden_seven_sloten	non-fiction	Prose	religious	 	Theology / ethics	 	 	Jan van Ruusbroec	 
INT_a1e168b8-fda3-42b1-97ce-d70ca9cb5e9b	Vanden twaelf beghinen	vanden_twaelf_beghinen	non-fiction	Prose	religious	 	Theology / ethics	 	 	Jan van Ruusbroec	 
INT_71783d3c-c7af-4e43-8287-1eeb43f31d87	Vanden vier becoringhen	vanden_vier_becoringhen	non-fiction	Prose	religious	 	Theology / ethics	 	 	Jan van Ruusbroec	 
INT_f2b84bb9-9d41-484f-885e-933cb955e9bc	Expositie vanden viere vingheren ende vanden dume	vanden_vier_vingheren_ende_vanden_dume	non-fiction	Verse	religious	 	Theology / ethics	 	 	unknown	 
INT_882d62a8-4854-4491-aa38-d17ac1ad0a36	Vanden winter ende vanden somer	vanden_winter_ende_vanden_somer	fiction	Verse	secular	drama	 	 	 	unknown	 
INT_fd62b98a-64b1-4f84-9a95-e5d03e00377d	Vander rijcheit ende vander doot	vander_rijcheit_ende_vander_doot	non-fiction	Verse	secular	 	Philosophy / ethics	 	 	Augustijnken	 
INT_6fc353a6-e969-4110-9b2a-f83358fb32ae	Vierde Martijn	vierde_martijn	non-fiction	Verse	secular	stanzaic	 	 	 	unknown	 
INT_89851405-338f-48b4-8254-61b853dabaa8	Visioenen	visioenen	non-fiction	prose	religious	 	Theology / ethics	 	 	Hadewijch	 
INT_8f1bdfb9-0bf9-45c9-ba96-764e0fd321af	Vlaamse Rose	vlaamse_rose_fragm_beu	fiction	Verse	secular	 	 	 	 	unknown	 
INT_f7eb888b-ef43-4139-a9f6-9213f6db6f2c	Walewein ende Keye	walewein_ende_keye	fiction	Verse	secular	epic	Chivalric romance	 	 	unknown	 
INT_95ee6b55-8063-43cb-91c3-1636c3db9212	Willem van Oringen	willem_van_oringen	fiction	Verse	secular	epic	Chivalric romance	 	 	Claes van Haerlem	 
INT_e038f847-231c-481f-a188-cef475c0b54a	Wrake van Ragisel (verkorte versie)	wrake_van_ragisel	fiction	Verse	secular	epic	Chivalric romance	 	 	unknown	 
INT_1fd90949-ddb5-44e5-99e2-059018fc06ea	Wrake van Ragisel	wrake_van_ragisel_fragm_d1	fiction	Verse	secular	epic	Chivalric romance	 	 	unknown	 
