TITEL	GENRE	GENRE	GENRE	SUBGENRE	SUBGENRE	SUBGENRE	SUBGENRE	AUTEUR	OPMERKING
hattem_06._alchemistische_en_technische_recepten	Non-fiction	prose	secular	artes	alchemy	technic	 	unknown	Titel aanpassen
bijbelvertaling_van_1360	Non-fiction	prose	religious	Biblical texts	 	 	 	Bijbelvertaler van 1360	 
blome_der_doechden	Non-fiction	prose	secular	 	Philosophy / ethics	 	 	Dirc Potter	 
boecksken_der_verclaringhe	Non-fiction	Prose	religious	 	Theology / ethics	 	 	Jan van Ruusbroec	 
boeck_van_surgien_hs_dh	Non-fiction	Prose	secular	artes	medicine	 	 	Thomas Scellinc	 
boec_van_den_houte	Non-fiction	Prose	religious	 	legend	 	 	unknown	 
brieven	Non-fiction	Prose	religious	 	Theology / ethics	 	 	Hadewijch	 
cancellierboeck	Non-fiction	Prose	religious	 	Theology / ethics	 	 	unknown	 
chiromantie	Non-fiction	Prose	secular	artes	Science	chiromancy	 	unknown	 
hattem_11._chirurgische_recepten_slash_ogentraktaat	Non-fiction	prose	secular	artes	medicine	 	 	unknown	Titel aanpassen
circa_instans	Non-fiction	Prose	secular	artes	medicine	 	 	Platearius	 
collectief_lunarium	Non-fiction	Prose	secular	artes	Science	Astronomy / astrology	 	unknown	 
hattem_19._constantinus_africanus_viatice_	Non-fiction	Prose	secular	artes	medicine	 	 	unknown	Titel aanpassen
cyrurgie_hs_br	Non-fiction	Prose	secular	artes	medicine	 	 	Jan Yperman	 
delftse_bijbel	Non-fiction	Prose	religious	Biblical texts	 	 	 	unknown	 
den_droefliken_strijt_van_roncevale	fiction	Prose+verse	secular	chapbook	Chivalric romance	 	 	unknown	 
des_coninx_summe	Non-fiction	prose	secular	 	Philosophy / ethics	 	 	Jan van Brederode	 
de_imitatione_christi	Non-fiction	Prose	religious	 	Theology / ethics	 	 	Thomas a Kempis	 
de_libris_teutonicalibus_hs_b	Non-fiction	Prose	secular	 	Theology / ethics	 	 	Gerard Zerbolt van Zutphen	 
de_libris_teutonicalibus_hs_k	Non-fiction	Prose	secular	 	Theology / ethics	 	 	Gerard Zerbolt van Zutphen	 
de_libris_teutonicalibus_hs_l	Non-fiction	Prose	secular	 	Theology / ethics	 	 	Gerard Zerbolt van Zutphen	 
die_gheestelike_brulocht	Non-fiction	Prose	religious	 	Theology / ethics	 	 	Jan van Ruusbroec	 
hattem_17._diverse_korte_teksten_doorlopend	Non-fiction	Prose	secular	artes	medicine	artifices	 	unknown	Titel aanpassen
hattem_20._diverse_korte_teksten_doorlopend	Non-fiction	prose	secular	artes	medicine	 	 	unknown	Titel aanpassen
hattem_03._diverse_teksten_vnl._latijn	Non-fiction	Prose	secular	artes	science	physionomy	medicine	unknown	Titel aanpassen
hattem_01._43_kwade_dagen_slash_esdras-prognose	Non-fiction	Prose	secular	artes	science	 	 	unknown	Titel aanpassen
euangelien_vanden_spinrocke	Non-fiction	Prose	secular	chapbook	artes	artifices	 	unknown	 
exempel_van_een_soudaensdochter	fiction	Prose	religious	chapbook	legend	 	 	unknown	 
exordium_magnum	fiction	Prose	religious	 	legend	 	 	unknown	Auteur vervangen
hattem_09._flebotomie_laatste_bladzijde_latijn	Non-fiction	prose	secular	artes	medicine	 	 	unknown	Titel aanpassen
fysionomie	Non-fiction	Prose	secular	artes	science	physionomy	 	unknown	 
gebedenboek	Non-fiction	Prose	religious	 	prayer	 	 	unknown	 
getijdenboek_van_geert_grote	Non-fiction	Prose	religious	 	prayer	 	 	Geert Grote	 
gheesteliken_tabernakel	Non-fiction	Prose	religious	 	Theology / ethics	 	 	Jan van Ruusbroec	 
hattem_21._grote_collectie_medische_recepten	Non-fiction	prose	secular	artes	medicine	 	 	unknown	Titel aanpassen
herbarijs	Non-fiction	Prose	secular	artes	medicine	 	 	unknown	 
hattem_12._alfabetische_herbarius_	Non-fiction	Prose	secular	artes	medicine	 	 	unknown	Titel aanpassen
historien_van_troyen_aeneisbewerking	fiction	Prose	secular	chapbook	 	 	 	unknown	 
historie_vanden_ridder_metter_swane	fiction	Prose+verse	secular	chapbook	Chivalric romance	 	 	unknown	 
historie_van_de_borchgravinne_van_vergi	fiction	Prose+verse	secular	chapbook	Chivalric romance	 	 	unknown	 
historie_van_de_vier_heemskinderen	fiction	Prose	secular	chapbook	Chivalric romance	 	 	unknown	 
historie_van_die_seuen_wijse_mannen_van_roemen_go	fiction	Prose	secular	chapbook	 	 	 	unknown	 
historie_van_floris_ende_blancefloer	fiction	Prose	secular	chapbook	Chivalric romance	 	 	unknown	 
historie_van_hughe_van_bordeus	fiction	Prose	secular	chapbook	Chivalric romance	 	 	unknown	 
historie_van_jan_van_beverley_1500	fiction	Prose+verse	secular	chapbook	 	 	 	unknown	 
historie_van_malegijs	fiction	Prose	secular	chapbook	Chivalric romance	 	 	unknown	 
historie_van_margarieta_van_lymborch	fiction	Prose	secular	chapbook	Chivalric romance	 	 	unknown	 
historie_van_merlijn	fiction	Prose	secular	chapbook	Chivalric romance	 	 	unknown	 
historie_van_partinoples_van_bleys	fiction	Prose	secular	chapbook	Chivalric romance	 	 	unknown	 
horologium_hs_p	Non-fiction	Prose	religious	 	Theology / ethics	 	 	Hendrick Suso	 
jonghe_lanfranc	Non-fiction	Prose	secular	artes	medicine	 	 	unknown	 
hattem_08._kunstboek	Non-fiction	prose	secular	artes	artifices	 	 	unknown	Titel aanpassen
lectionarium_van_amsterdam	Non-fiction	Prose	religious	Biblical texts	 	 	 	unknown	 
leringhe_van_orinen	Non-fiction	Prose	secular	artes	medicine	 	 	unknown	 
leven_van_sinte_clara	Non-fiction	Prose	religious	 	Legendary hagiography	 	 	unknown	 
leven_van_sint_trudo	Non-fiction	Prose	religious	 	Legendary hagiography	 	 	unknown	 
libellum_super_modo_vivendi_hs_n	Non-fiction	Prose	secular	 	Theology / ethics	 	 	Gerard Zerbolt van Zutphen	 
libellum_super_modo_vivendi_hs_u	Non-fiction	Prose	secular	 	Theology / ethics	 	 	Gerard Zerbolt van Zutphen	 
libellum_super_modo_vivendi_hs_w	Non-fiction	Prose	secular	 	Theology / ethics	 	 	Gerard Zerbolt van Zutphen	 
liber_magistri_avicenne	Non-fiction	Prose	secular	artes	medicine	 	 	unknown	 
limburgse_sermoenen	Non-fiction	Prose	religious	 	Theology / ethics	 	 	unknown	 
livre_des_mestiers	Non-fiction	prose	secular	artes	linguistics	 	 	unknown	 
luikse_leven_van_jezus	Non-fiction	Prose	religious	Biblical texts	 	 	 	unknown	 
marialegenden_en_exempelen	fiction	Prose	religious	 	legend	 	 	unknown	 
medicina	Non-fiction	Prose	secular	artes	medicine	 	 	Jan Yperman	 
hattem_15._medicinale_wateren_slash_brandewijn	Non-fiction	Prose	secular	artes	medicine	 	 	unknown	Titel aanpassen
hattem_16._medisch_handboek	Non-fiction	Prose	secular	artes	medicine	 	 	unknown	Titel aanpassen
hattem_14._medisch_handboek_avicenna_cap._16	Non-fiction	Prose	secular	artes	medicine	 	 	unknown	Titel aanpassen
mellibeus	Non-fiction	Prose	secular	 	Philosophy / ethics	 	 	Dirc Potter	 
hattem_22._naschrift_slash_brandewijnrecept	Non-fiction	Prose	secular	artes	medicine	 	 	unknown	Titel aanpassen
nieuwe_testament_nndl	Non-fiction	Prose	religious	Biblical texts	 	 	 	Johannes Scutken	 
nieuwe_testament_zndl_1	Non-fiction	Prose	religious	Biblical texts	 	 	 	unknown	 
nieuwe_testament_zndl_2	Non-fiction	Prose	religious	Biblical texts	 	 	 	unknown	 
noordnederlandse_historiebijbel	Non-fiction	Prose	religious	Biblical texts	 	 	 	unknown	 
pater_noster_in_duutsce	Non-fiction	Prose	religious	 	Theology / ethics	 	 	unknown	 
hattem_10._pesttraktaat_slash_zalfrecepten_slash_chirurgie	Non-fiction	prose	secular	artes	medicine	 	 	unknown	Titel aanpassen
proza-reinaert	fiction	Prose	secular	chapbook	 	 	 	unknown	 
psalmen	Non-fiction	Prose	religious	Biblical texts	 	 	 	unknown	 
pseudo-bonaventura-ludolfiaanse_leven_van_jesus_hs_l1	Non-fiction	Prose	religious	Biblical texts	 	 	 	unknown	 
reis_van_jan_van_mandeville	Non-fiction	Prose	secular	artes	travelogue	 	 	unknown	 
rijcke_der_ghelieven	Non-fiction	Prose	religious	 	Theology / ethics	 	 	Jan van Ruusbroec	 
roman_van_lancelot	fiction	Prose	secular	epic	 	 	 	unknown	 
salomon_ende_marcolphus	fiction	Prose	secular	chapbook	Philosophy / ethics	 	 	unknown	 
hattem_02._prozavertaling_secreta_secretorum_	Non-fiction	Prose	secular	 	Philosophy / ethics	 	 	unknown	Titel aanpassen
sidrac	Non-fiction	Prose	secular	 	Philosophy / ethics	 	 	unknown	 
sint_patricius_vagevuur_hs_h	fiction	Prose	religious	 	legend	 	 	unknown	 
sint_patricius_vagevuur_hs_w	fiction	Prose	religious	 	legend	 	 	unknown	 
spiegel_der_sonden	Non-fiction	prose	secular	 	Philosophy / ethics	 	 	unknown	 
spieghel_der_eeuwigher_salicheit	Non-fiction	Prose	religious	 	Theology / ethics	 	 	Jan van Ruusbroec	 
spieghel_der_volcomenheit	Non-fiction	Prose	religious	 	Theology / ethics	 	 	Hendrik Herp	 
stuttgartse_leven_van_jezus	Non-fiction	Prose	religious	Biblical texts	 	 	 	unknown	 
tafel_van_den_kersten_ghelove_winterstuk	Non-fiction	prose	religious	 	Theology / ethics	 	 	Dirc van Delft	 
tafel_van_den_kersten_ghelove_zomerstuk	Non-fiction	Prose	religious	 	Theology / ethics	 	 	Dirc van Delft	 
tondalus_visioen_hs_g	fiction	Prose	religious	 	legend	 	 	unknown	 
tondalus_visioen_hs_h	fiction	Prose	religious	 	legend	 	 	unknown	 
tondalus_visioen_hs_n	fiction	Prose	religious	 	legend	 	 	unknown	 
hattem_07._traktaat_over_edele_metalen	Non-fiction	prose	secular	artes	metallurgy	 	 	unknown	Titel aanpassen
hattem_13._traktaat_over_huidziekten	Non-fiction	Prose	secular	artes	medicine	 	 	unknown	Titel aanpassen
kopenhaagse_trotula	Non-fiction	Prose	secular	artes	medicine	 	 	unknown	Auteur niet: Brigitte Kusche!!
vanden_blinckenden_steen	Non-fiction	Prose	religious	 	Theology / ethics	 	 	Jan van Ruusbroec	 
vanden_kerstenen_ghelove	Non-fiction	prose	religious	 	Theology / ethics	 	 	Jan van Ruusbroec	 
vanden_proprieteyten_der_dinghen	Non-fiction	prose	secular	artes	 	 	 	Bartholomeus Anglicus	 
vanden_seven_sloten	Non-fiction	Prose	religious	 	Theology / ethics	 	 	Jan van Ruusbroec	 
vanden_twaelf_beghinen	Non-fiction	Prose	religious	 	Theology / ethics	 	 	Jan van Ruusbroec	 
vanden_vier_becoringhen	Non-fiction	Prose	religious	 	Theology / ethics	 	 	Jan van Ruusbroec	 
van_de_vier_elementen_en_complexien	Non-fiction	prose	secular	artes	science	physionomy	 	unknown	 
van_seven_trappen	Non-fiction	Prose	religious	 	Theology / ethics	 	 	Jan van Ruusbroec	 
visioenen	Non-fiction	prose	religious	 	Theology / ethics	 	 	Hadewijch	 
hattem_05._wijnrecepten_slash_medisch_handboek	Non-fiction	prose	secular	artes	medicine	 	 	unknown	Titel aanpassen
ab_recht_ende_averecht	Non-fiction	verse	secular	 	Philosophy / ethics	 	 	unknown	 
aiol	fiction	Verse	secular	epic	Chivalric romance	 	 	unknown	 
alexanders_geesten	fiction	Verse	secular	epic	 	 	 	Jacob van Maerlant	 
anatomie_van_de_mens	Non-fiction	Verse	secular	artes	science	physionomy	 	unknown	 
antwerps_liedboek	fiction	Verse	secular	stanzaic	song	 	 	not applicable	 
arturs_doet	fiction	Verse	secular	epic	Chivalric romance	 	 	unknown	 
aubri_de_borgengoen	fiction	Verse	secular	epic	Chivalric romance	 	 	unknown	 
baghynken_van_parys	fiction	Verse	religious	stanzaic	legend	chapbook	 	unknown	 
barlaam_en_josaphat_fragm_ge	fiction	Verse	religious	 	legend	 	 	unknown	 
barlaam_en_josaphat_fragm_go	fiction	Verse	religious	 	legend	 	 	unknown	 
beatrijs	fiction	Verse	religious	 	legend	 	 	unknown	 
bediedenisse_van_der_missen	Non-fiction	Verse	religious	 	Theology / ethics	 	 	unknown	 
beerte_metten_breden_voeten	fiction	Verse	secular	epic	Chivalric romance	 	 	unknown	 
beginsel_der_oorlogen_van_luyck	Non-fiction	Verse	secular	 	history	 	 	unknown	 
berijmd_commentaar_op_het_hooglied_fragm_w	Non-fiction	Verse	religious	 	Theology / ethics	 	 	unknown	 
berlijnse_liederenhandschrift	fiction	Verse	secular	stanzaic	song	 	 	not applicable	 
boec_exemplaer	Non-fiction	Verse	secular	 	Philosophy / ethics	 	 	unknown	 
boec_van_den_houte	fiction	Verse	religious	 	legend	 	 	unknown	 
borchgrave_van_couchi	fiction	Verse	secular	epic	Chivalric romance	 	 	unknown	 
borchgrave_van_couchi_fragm_a	fiction	Verse	secular	epic	Chivalric romance	 	 	unknown	 
borchgrave_van_couchi_fragm_br	fiction	Verse	secular	epic	Chivalric romance	 	 	unknown	 
borchgrave_van_couchi_fragm_dp	fiction	Verse	secular	epic	Chivalric romance	 	 	unknown	 
borchgravinne_van_vergi__1	fiction	Verse	secular	epic	Chivalric romance	 	 	unknown	 
borchgravinne_van_vergi__2	fiction	Verse	secular	epic	Chivalric romance	 	 	unknown	 
boudewijn_van_seborch_fragm_a	fiction	Verse	secular	epic	Chivalric romance	 	 	unknown	 
boudewijn_van_seborch_fragm_m	fiction	verse	secular	epic	Chivalric romance	 	 	unknown	 
brabantsche_yeesten__1-5	Non-fiction	verse	secular	 	history	 	 	Jan van Boendale	 
brabantsche_yeesten__6	Non-fiction	Verse	secular	 	history	 	 	unknown	 
brabantsche_yeesten__7	Non-fiction	verse	secular	 	history	 	 	unknown	 
buskenblazer	fiction	verse	secular	drama	 	 	 	unknown	 
chanson_d_aspremont	fiction	Verse	secular	epic	Chivalric romance	 	 	unknown	 
clausule_vander_bible	Non-fiction	Verse	religious	stanzaic	Theology / ethics	 	 	Jacob van Maerlant	 
collectief_lunarium_i	Non-fiction	Verse	secular	artes	science	Astronomy / astrology	 	unknown	 
collectief_lunarium_ii	Non-fiction	Verse	secular	artes	science	Astronomy / astrology	 	unknown	 
collectief_lunarium_iii	Non-fiction	Verse	secular	artes	science	Astronomy / astrology	 	unknown	 
cyromanchie_van_den_pape_van_den_hamme_chiromantie	Non-fiction	Verse	secular	artes	science	chiromancy	 	unknown	 
dat_boec_vander_wraken	Non-fiction	Verse	secular	 	Philosophy / ethics	 	 	Jan van Boendale	 
derde_martijn	Non-fiction	Verse	secular	stanzaic	Theology / ethics	 	 	Jacob van Maerlant	 
der_kerken_claghe	Non-fiction	Verse	secular	stanzaic	 	 	 	Jacob van Maerlant	 
der_leken_spieghel	Non-fiction	Verse	secular	 	Philosophy / ethics	 	 	Jan van Boendale	 
der_mannen_ende_vrouwen_heimelijcheit	Non-fiction	Verse	secular	artes	medicine	 	 	unknown	 
der_minnen_loep	Non-fiction	Verse	secular	 	Philosophy / ethics	 	 	Dirc Potter	 
der_vrouwen_heimelijcheit	Non-fiction	Verse	secular	artes	medicine	 	 	unknown	 
der_ystorien_bloeme	Non-fiction	Verse	religious	 	legend	 	 	unknown	 
devoot_ende_profitelyck_boecxken_h	fiction	Verse	secular	stanzaic	song	 	 	not applicable	 
de_spieghel_der_menscheliker_behoudenesse	Non-fiction	Verse	religious	 	 	 	 	unknown	 
dietsche_doctrinale	Non-fiction	Verse	secular	 	Philosophy / ethics	 	 	unknown	 
die_dietsche_lucidarius	Non-fiction	Verse	religious	 	Theology / ethics	 	 	unknown	 
dispitacie	Non-fiction	Verse	secular	stanzaic	Philosophy / ethics	 	 	Jan de Weert	 
disputacie_van_onser_vrouwen	Non-fiction	Verse	religious	stanzaic	Theology / ethics	 	 	Jacob van Maerlant	 
drie_daghe_here	fiction	Verse	secular	drama	 	 	 	unknown	 
dystorie_van_saladine_h	fiction	Verse	secular	epic	Chivalric romance	chapbook	 	unknown	 
eerste_martijn	Non-fiction	Verse	secular	stanzaic	Philosophy / ethics	 	 	Jacob van Maerlant	 
esmoreit	fiction	Verse	secular	drama	Chivalric romance	 	 	unknown	 
esopet	fiction	Verse	secular	 	 	 	 	Calfstaf + Noydekin (?)	 
ferguut	fiction	Verse	secular	epic	Chivalric romance	 	 	unknown	 
fierabras	fiction	verse	secular	epic	Chivalric romance	 	 	unknown	 
flandrijs_fragm_s	fiction	Verse	secular	epic	Chivalric romance	 	 	unknown	 
floovent	fiction	Verse	secular	epic	Chivalric romance	 	 	unknown	 
florent_ende_durant	fiction	Verse	secular	epic	Chivalric romance	 	 	unknown	 
florigout_fragm_db	fiction	Verse	secular	epic	Chivalric romance	 	 	unknown	 
florigout_fragm_l	fiction	Verse	secular	epic	Chivalric romance	 	 	unknown	 
floris_ende_blancefloer	fiction	Verse	secular	epic	Chivalric romance	 	 	Diederic van Assenede	 
frenesie	fiction	Verse	secular	 	 	 	 	unknown	 
fysionomie	Non-fiction	Verse	secular	artes	science	physionomy	 	unknown	 
gedichten_hildegaersberch__hs_g	fiction	Verse	secular	 	 	 	 	Willem van Hildegaersberch	 
gedicht_over_de_hemeltekenen	Non-fiction	Verse	secular	artes	science	Astronomy / astrology	 	unknown	 
geraert_van_viane	fiction	Verse	secular	epic	Chivalric romance	 	 	unknown	 
gloriant	fiction	Verse	secular	drama	 	 	 	unknown	 
glose_op_het_sint-jansevangelie	Non-fiction	Verse	religious	 	Theology / ethics	 	 	Augustijnken	 
godevaerts_kintshede	fiction	Verse	secular	epic	Chivalric romance	 	 	unknown	 
godevaert_metten_baerde	fiction	Verse	secular	epic	Chivalric romance	 	 	unknown	 
grimbergse_oorlog	Non-fiction	Verse	secular	 	history	 	 	unknown	 
gruuthuse-handschrift_gebeden	Non-fiction	Verse	religious	 	prayer	 	 	not applicable	 
gruuthuse-handschrift_gedichten	fiction	Verse	secular	 	 	 	 	not applicable	 
gruuthuse-handschrift_liederen	fiction	Verse	secular	stanzaic	song	 	 	not applicable	 
gwidekijn_van_sassen	fiction	Verse	secular	epic	Chivalric romance	 	 	unknown	 
haagse_liederenhs	fiction	Verse	secular	stanzaic	song	 	 	not applicable	 
hexe	fiction	Verse	secular	drama	 	 	 	unknown	 
heymelijchede_der_heymelijcheit	Non-fiction	Verse	secular	 	Philosophy / ethics	 	 	Jacob van Maerlant	 
historie_van_den_grale	fiction	Verse	secular	epic	Chivalric romance	 	 	Jacob van Maerlant	 
historie_van_gaver_capeel	fiction	Verse	secular	 	Chivalric romance	chapbook	 	unknown	 
historie_van_troyen	fiction	verse	secular	epic	 	 	 	Jacob van Maerlant	 
huge_van_bordeeus_fragm_l	fiction	Verse	secular	epic	Chivalric romance	 	 	unknown	 
huge_van_bordeeus_fragm_m	fiction	Verse	secular	epic	Chivalric romance	 	 	unknown	 
ierste_musyck_boexken	fiction	Verse	secular	stanzaic	song	 	 	not applicable	 
jans_teesteye	Non-fiction	Verse	secular	 	Philosophy / ethics	 	 	Jan van Boendale	 
jan_splinters_testament	fiction	Verse	secular	chapbook	 	 	 	unknown	 
jonathas_ende_rosafiere	fiction	Verse	religious	epic	legend	 	 	unknown	 
karel_ende_elegast	fiction	Verse	secular	epic	Chivalric romance	chapbook	 	unknown	 
korte_kroniek_van_brabant_korte_versie_1	Non-fiction	Verse	secular	 	history	 	 	Jan van Boendale	 
korte_kroniek_van_brabant_korte_versie_2	Non-fiction	Verse	secular	 	history	 	 	unknown	 
korte_kroniek_van_brabant_lange_versie	Non-fiction	Verse	secular	 	history	 	 	Heraut Beyeren	 
lanceloet_en_het_hert_met_de_witte_voet	fiction	Verse	secular	epic	Chivalric romance	 	 	unknown	 
lanseloet_van_denemerken	fiction	Verse	secular	drama	Chivalric romance	 	 	unknown	 
lantsloot_van_der_haghedochte	fiction	Verse	secular	epic	Chivalric romance	 	 	unknown	 
lapidarijs	Non-fiction	Verse	secular	artes	science	Natural history	 	Jacob van Maerlant(?)	 
leven_van_sint_trudo	Non-fiction	Verse	religious	epic	Legendary hagiography	 	 	unknown	 
lion_van_bourges	fiction	Verse	secular	epic	Chivalric romance	 	 	unknown	 
lippijn	fiction	Verse	secular	drama	 	 	 	unknown	 
loyhier_en_malaert_fragm_a	fiction	Verse	secular	epic	Chivalric romance	 	 	unknown	 
loyhier_en_malaert_fragm_g	fiction	verse	secular	epic	Chivalric romance	 	 	unknown	 
loyhier_en_malaert_fragm_l1	fiction	Verse	secular	epic	Chivalric romance	 	 	unknown	 
loyhier_en_malaert_fragm_l2	fiction	Verse	secular	epic	Chivalric romance	 	 	unknown	 
lundse_liederen_a	fiction	Verse	secular	stanzaic	song	 	 	unknown	 
lundse_liederen_b	fiction	Verse	secular	stanzaic	song	 	 	unknown	 
maanzodiologium	Non-fiction	Verse	secular	artes	science	Astronomy / astrology	 	unknown	 
madelgijs_fragm_a	fiction	Verse	secular	epic	Chivalric romance	 	 	unknown	 
madelgijs_fragm_be	fiction	Verse	secular	epic	Chivalric romance	 	 	unknown	 
madelgijs_fragm_d	fiction	Verse	secular	epic	Chivalric romance	 	 	unknown	 
madelgijs_fragm_g1	fiction	Verse	secular	epic	Chivalric romance	 	 	unknown	 
madelgijs_fragm_g2	fiction	Verse	secular	epic	Chivalric romance	 	 	unknown	 
madelgijs_fragm_le1	fiction	Verse	secular	epic	Chivalric romance	 	 	unknown	 
madelgijs_fragm_le2	fiction	Verse	secular	epic	Chivalric romance	 	 	unknown	 
madelgijs_fragm_le3	fiction	Verse	secular	epic	Chivalric romance	 	 	unknown	 
madelgijs_fragm_le4	fiction	Verse	secular	epic	Chivalric romance	 	 	unknown	 
madelgijs_fragm_lo	fiction	Verse	secular	epic	Chivalric romance	 	 	unknown	 
madelgijs_fragm_n	fiction	Verse	secular	epic	Chivalric romance	 	 	unknown	 
madelgijs_fragm_p	fiction	Verse	secular	epic	Chivalric romance	 	 	unknown	 
madelgijs_fragm_r	fiction	Verse	secular	epic	Chivalric romance	 	 	unknown	 
melibeus	Non-fiction	Verse	secular	 	Philosophy / ethics	 	 	Jan van Boendale	 
mengeldichten_hadewijch	Non-fiction	Verse	religious	 	Theological / ethics	 	 	Hadewijch	 
merlijn-continuatie_fragm_a	fiction	Verse	secular	epic	Chivalric romance	 	 	Lodewijk van Velthem	 
merlijn-continuatie_fragm_ma	fiction	Verse	secular	epic	Chivalric romance	 	 	Lodewijk van Velthem	 
merlijn-continuatie_fragm_mu	fiction	Verse	secular	epic	Chivalric romance	 	 	Lodewijk van Velthem	 
merlijns_boec	fiction	Verse	secular	epic	Chivalric romance	 	 	Jacob van Maerlant	 
natuurkunde_van_het_geheelal	Non-fiction	Verse	secular	artes	science	Astronomy / astrology	 	unknown	 
nieuwe_doctrinael	Non-fiction	Verse	secular	 	Philosophy / ethics	 	 	unknown	 
noch_die_tien_ghebode	Non-fiction	Verse	religious	 	Theology / ethics	 	 	unknown	 
noch_van_salladine	fiction	Verse	secular	epic	Chivalric romance	 	 	unknown	 
ogier_van_denemarken_fragm_br1	fiction	Verse	secular	epic	Chivalric romance	 	 	unknown	 
ogier_van_denemarken_fragm_br2	fiction	Verse	secular	epic	Chivalric romance	 	 	unknown	 
ogier_van_denemarken_fragm_k	fiction	Verse	secular	epic	Chivalric romance	 	 	unknown	 
ogier_van_denemarken_fragm_l	fiction	Verse	secular	epic	Chivalric romance	 	 	unknown	 
ongeidentificeerd_1	fiction	Verse	secular	epic	Chivalric romance	 	 	unknown	 
ongeidentificeerd_2	fiction	Verse	secular	epic	Chivalric romance	 	 	unknown	 
ongeidentificeerd_3	fiction	Verse	secular	epic	Chivalric romance	 	 	unknown	 
ongeidentificeerd_4	fiction	Verse	secular	epic	Chivalric romance	 	 	unknown	 
ongeidentificeerd_6	fiction	Verse	secular	epic	Chivalric romance	 	 	unknown	 
ongeidentificeerd_fragment	fiction	Verse	secular	epic	Chivalric romance	 	 	unknown	 
ons_heren_passie	Non-fiction	Verse	religious	epic	Biblical texts	 	 	unknown	 
o_crux_lignum_triumphale	fiction	Verse	religious	 	legend	 	 	unknown	 
parthonopeus_van_bloys_fragm_be	fiction	verse	secular	epic	Chivalric romance	 	 	unknown	 
parthonopeus_van_bloys_fragm_br	fiction	Verse	secular	epic	Chivalric romance	 	 	unknown	 
parthonopeus_van_bloys_fragm_k1	fiction	Verse	secular	epic	Chivalric romance	 	 	unknown	 
parthonopeus_van_bloys_fragm_k3	fiction	Verse	secular	epic	Chivalric romance	 	 	unknown	 
parthonopeus_van_bloys_fragm_ma	fiction	verse	secular	epic	Chivalric romance	 	 	unknown	 
parthonopeus_van_bloys_fragm_pr	fiction	Verse	secular	epic	Chivalric romance	 	 	unknown	 
queeste_van_den_grale	fiction	verse	secular	epic	Chivalric romance	 	 	unknown	 
reinaerts_historie	fiction	Verse	secular	epic	 	 	 	unknown	 
renout_van_montalbaen_fragm_be	fiction	Verse	secular	epic	Chivalric romance	 	 	unknown	 
renout_van_montalbaen_fragm_dh	fiction	Verse	secular	epic	Chivalric romance	 	 	unknown	 
renout_van_montalbaen_fragm_l	fiction	Verse	secular	epic	Chivalric romance	 	 	unknown	 
renout_van_montalbaen_fragm_s	fiction	Verse	secular	epic	Chivalric romance	 	 	unknown	 
rijmkroniek_van_holland	Non-fiction	Verse	secular	 	history	 	 	Melis Stoke	 
rijmkroniek_van_woeringen	Non-fiction	Verse	secular	 	history	 	 	Jan van Heelu	 
rijmspreuken	Non-fiction	Verse	secular	stanzaic	Philosophy / ethics	 	 	unknown	 
rinclus	Non-fiction	Verse	secular	stanzaic	Philosophy / ethics	 	 	Gielijs van Molhem + Heinrec	 
roelantslied_fragm_a	fiction	Verse	secular	epic	Chivalric romance	 	 	unknown	 
roelantslied_fragm_br	fiction	Verse	secular	epic	Chivalric romance	 	 	unknown	 
roelantslied_fragm_dh	fiction	Verse	secular	epic	Chivalric romance	 	 	unknown	 
roelantslied_fragm_ri	fiction	Verse	secular	epic	Chivalric romance	 	 	unknown	 
roelantslied_fragm_ro	fiction	Verse	secular	epic	Chivalric romance	 	 	unknown	 
roman_der_lorreinen_fragm_gi	fiction	Verse	secular	epic	Chivalric romance	 	 	unknown	 
roman_van_antiochie_fragm_g	fiction	Verse	secular	epic	Chivalric romance	 	 	unknown	 
roman_van_antiochie_fragm_l	fiction	Verse	secular	epic	Chivalric romance	 	 	unknown	 
roman_van_antiochie_fragm_w	fiction	Verse	secular	epic	Chivalric romance	 	 	unknown	 
roman_van_caesar_fragm_br	fiction	Verse	secular	epic	Chivalric romance	 	 	unknown	 
roman_van_cassamus__kort_1350	fiction	Verse	secular	epic	Chivalric romance	 	 	unknown	 
roman_van_cassamus__lang_1350	fiction	Verse	secular	epic	Chivalric romance	 	 	unknown	 
roman_van_cassamus__lang_1360	fiction	Verse	secular	epic	Chivalric romance	 	 	unknown	 
roman_van_cassant	fiction	Verse	secular	epic	Chivalric romance	 	 	unknown	 
roman_van_den_riddere_metter_mouwen	fiction	verse	secular	epic	Chivalric romance	 	 	unknown	 
roman_van_den_riddere_metter_mouwen_fragm_br	fiction	Verse	secular	epic	Chivalric romance	 	 	unknown	 
roman_van_florimont	fiction	Verse	secular	epic	Chivalric romance	 	 	unknown	 
roman_van_iechemas	fiction	Verse	secular	epic	Chivalric romance	 	 	unknown	 
roman_van_jonathas_ende_rosafiere_fragm_a	fiction	Verse	secular	epic	Chivalric romance	chapbook	 	unknown	 
roman_van_jonathas_ende_rosafiere_fragm_g	fiction	verse	secular	epic	Chivalric romance	chapbook	 	unknown	 
roman_van_lancelot	fiction	verse	secular	epic	Chivalric romance	 	 	unknown	 
roman_van_lancelot_fragm_br	fiction	Verse	secular	epic	Chivalric romance	 	 	unknown	 
roman_van_limborch	fiction	Verse	secular	epic	Chivalric romance	 	 	Heinriic	 
roman_van_moriaen	fiction	Verse	secular	epic	Chivalric romance	 	 	unknown	 
roman_van_perchevael	fiction	verse	secular	epic	Chivalric romance	 	 	unknown	 
roman_van_perchevael_fragm_br	fiction	Verse	secular	epic	Chivalric romance	 	 	unknown	 
roman_van_saladin	fiction	Verse	secular	epic	Chivalric romance	 	 	unknown	 
roman_van_torec	fiction	Verse	secular	epic	Chivalric romance	 	 	Jacob van Maerlant	 
roman_van_walewein	fiction	Verse	secular	epic	Chivalric romance	 	 	Penninc + Pieter Vostaert	 
rose	fiction	Verse	secular	 	 	 	 	Heinric	 
rubben	fiction	Verse	secular	drama	 	 	 	unknown	 
schepping	Non-fiction	Verse	religious	 	Theology / ethics	 	 	Augustijnken	 
segheliin_van_jerusalem	fiction	Verse	secular	epic	Chivalric romance	 	 	unknown	 
sinte_franciscus_leven	Non-fiction	Verse	religious	epic	Legendary hagiography	 	 	Jacob van Maerlant	 
sinte_kunera	Non-fiction	verse	religious	epic	Legendary hagiography	 	 	unknown	 
sint_patricius_vagevuur	fiction	Verse	religious	 	legend	 	 	unknown	 
sint_servaes	Non-fiction	Verse	religious	epic	Legendary hagiography	 	 	Heinric van Veldeke	 
slag_van_crecy	Non-fiction	Verse	secular	 	history	 	 	unknown	 
speghel_der_wijsheit	Non-fiction	Verse	secular	 	Philosophy / ethics	 	 	Jan Praet	 
spel_van_abraham_en_sara	fiction	Verse	religious	drama	 	 	 	unknown	 
spel_van_de_antichrist	fiction	Verse	religious	drama	 	 	 	unknown	 
spiegel_der_jongers	Non-fiction	Verse	secular	stanzaic	Philosophy / ethics	chapbook	 	Lambertus Goetman	 
spiegel_der_sonden	Non-fiction	Verse	secular	 	Philosophy / ethics	 	 	unknown	 
spiegel_der_sonden_fragm_ge1	Non-fiction	Verse	secular	 	Philosophy / ethics	 	 	unknown	 
spiegel_der_sonden_fragm_ge2	Non-fiction	Verse	secular	 	Philosophy / ethics	 	 	unknown	 
spiegel_der_sonden_fragm_mu	Non-fiction	Verse	secular	 	Philosophy / ethics	 	 	unknown	 
spiegel_historiael__1_3_4_maerlant	Non-fiction	Verse	secular	 	history	 	 	Jacob van Maerlant	 
spiegel_historiael__2	Non-fiction	Verse	secular	 	history	 	 	Philip Utenbroeke	 
spiegel_historiael__2_fragm_ah	Non-fiction	Verse	secular	 	history	 	 	Philip Utenbroeke	 
spiegel_historiael__2_fragm_an	Non-fiction	Verse	secular	 	history	 	 	Philip Utenbroeke	 
spiegel_historiael__2_fragm_brg	Non-fiction	Verse	secular	 	history	 	 	Philip Utenbroeke	 
spiegel_historiael__2_fragm_brs	Non-fiction	verse	secular	 	history	 	 	Philip Utenbroeke	 
spiegel_historiael__2_fragm_d	Non-fiction	Verse	secular	 	history	 	 	Philip Utenbroeke	 
spiegel_historiael__2_fragm_ge1	Non-fiction	Verse	secular	 	history	 	 	Philip Utenbroeke	 
spiegel_historiael__2_fragm_l	Non-fiction	Verse	secular	 	history	 	 	Philip Utenbroeke	 
spiegel_historiael__4_velthem__fragm_be	Non-fiction	Verse	secular	 	history	 	 	Lodewijk van Velthem	 
spiegel_historiael__4_velthem__fragm_brs	Non-fiction	verse	secular	 	history	 	 	Lodewijk van Velthem	 
spiegel_historiael__4_velthem__fragm_ge1	Non-fiction	Verse	secular	 	history	 	 	Lodewijk van Velthem	 
spiegel_historiael__4_velthem__fragm_ge3	Non-fiction	Verse	secular	 	history	 	 	Lodewijk van Velthem	 
spiegel_historiael__4_velthem__fragm_ge4	Non-fiction	verse	secular	 	history	 	 	Lodewijk van Velthem	 
spiegel_historiael__4_velthem__fragm_ge5	Non-fiction	Verse	secular	 	history	 	 	Lodewijk van Velthem	 
spiegel_historiael__4_velthem__fragm_ge6	Non-fiction	Verse	secular	 	history	 	 	Lodewijk van Velthem	 
spiegel_historiael__4_velthem__fragm_ge7	Non-fiction	Verse	secular	 	history	 	 	Lodewijk van Velthem	 
spiegel_historiael__4_velthem__fragm_l	Non-fiction	Verse	secular	 	history	 	 	Lodewijk van Velthem	 
spiegel_historiael__4_velthem__fragm_m	Non-fiction	Verse	secular	 	history	 	 	Lodewijk van Velthem	 
spiegel_historiael__4_velthem__fragm_we	Non-fiction	Verse	secular	 	history	 	 	Lodewijk van Velthem	 
spiegel_historiael__4_velthem__fragm_wr	Non-fiction	Verse	secular	 	history	 	 	Lodewijk van Velthem	 
spiegel_historiael__5	Non-fiction	Verse	secular	 	history	 	 	Lodewijk van Velthem	 
strofische_gedichten	fiction	verse	religious	stanzaic	song	 	 	Hadewijch	 
suverlijc_boecxken	fiction	Verse	religious	stanzaic	song	 	 	not applicable	 
theophilus	fiction	Verse	religious	epic	legend	 	 	unknown	 
tien_plaghen	Non-fiction	verse	religious	 	Theology / ethics	 	 	unknown	 
truwanten	fiction	Verse	secular	drama	 	 	 	unknown	 
tvveeste_musyck_boexken	fiction	Verse	secular	stanzaic	song	 	 	not applicable	 
tweede_martijn	Non-fiction	Verse	secular	stanzaic	Philosophy / ethics	 	 	Jacob van Maerlant	 
valentijn_en_nameloos_fragm_be	fiction	Verse	secular	epic	Chivalric romance	 	 	unknown	 
valentijn_en_nameloos_fragm_ge	fiction	Verse	secular	epic	Chivalric romance	 	 	unknown	 
vanden_levene_ons_heren	Non-fiction	Verse	religious	epic	 	 	 	unknown	 
vanden_vier_vingheren_ende_vanden_dume	Non-fiction	Verse	religious	 	Theology / ethics	 	 	unknown	 
vanden_winter_ende_vanden_somer	fiction	Verse	secular	drama	 	 	 	unknown	 
vander_rijcheit_ende_vander_doot	Non-fiction	Verse	secular	 	Philosophy / ethics	 	 	Augustijnken	 
van_den_derden_eduwaert	Non-fiction	Verse	secular	 	history	 	 	Jan van Boendale	 
van_den_lande_van_over_zee	Non-fiction	Verse	secular	stanzaic	 	 	 	Jacob van Maerlant	 
van_den_neghen_besten__kort	Non-fiction	Verse	secular	 	history	 	 	unknown	 
van_den_neghen_besten__lang	Non-fiction	verse	secular	 	history	 	 	unknown	 
van_den_verkeerden_martijn	Non-fiction	Verse	secular	stanzaic	Philosophy / ethics	 	 	Jacob van Maerlant(?)	 
van_den_vii_vroeden_van_binnen_rome	fiction	Verse	secular	chapbook	 	 	 	unknown	 
van_den_vijf_vrouden	Non-fiction	Verse	religious	stanzaic	 	 	 	Jacob van Maerlant	 
van_den_vos_reynaerde	fiction	Verse	secular	epic	 	 	 	Willem	 
van_der_wive_wonderlijcheit_kort	Non-fiction	Verse	secular	 	 	 	 	unknown	 
van_der_wive_wonderlijcheit_lang	Non-fiction	Verse	secular	 	 	 	 	unknown	 
van_ghevene	Non-fiction	Verse	secular	 	 	 	 	unknown	 
van_maskeroen	fiction	Verse	religious	 	 	 	 	unknown	 
van_ons_heren_wonden	Non-fiction	Verse	religious	 	 	 	 	Jacob van Maerlant(?)	 
van_saladijn	fiction	Verse	secular	epic	Chivalric romance	 	 	Hein van Aken	 
van_sente_brandane	fiction	Verse	religious	epic	legend	travelogue	 	unknown	 
van_ses_vaerwen	Non-fiction	Verse	secular	 	 	 	 	unknown	 
van_smeinscen_lede	Non-fiction	Verse	secular	artes	medicine	biology	 	unknown	 
vierde_martijn	Non-fiction	Verse	secular	stanzaic	 	 	 	unknown	 
vlaamse_rose_fragm_beu	fiction	Verse	secular	 	 	 	 	unknown	 
walewein_ende_keye	fiction	Verse	secular	epic	Chivalric romance	 	 	unknown	 
willem_van_oringen	fiction	Verse	secular	epic	Chivalric romance	 	 	Claes van Haerlem	 
wrake_van_ragisel	fiction	Verse	secular	epic	Chivalric romance	 	 	unknown	 
wrake_van_ragisel_fragm_d1	fiction	Verse	secular	epic	Chivalric romance	 	 	unknown	 
